2019-06-18 19:25:00;0.001201;0.000000;505.001201
2019-06-18 19:30:00;0.000846;0.000000;505.002047
2019-06-18 19:35:00;0.000352;0.000000;505.002399
2019-06-18 19:40:00;0.000082;0.000000;505.002481
2019-06-18 19:45:00;0.000014;0.000000;505.002495
2019-06-18 19:50:00;0.000008;0.000000;505.002503
2019-06-18 19:55:00;0.000004;0.000000;505.002507
2019-06-18 20:00:00;0.000003;0.000000;505.002511
2019-06-18 20:05:00;0.000003;0.000000;505.002514
2019-06-18 20:10:00;0.000003;0.000000;505.002517
2019-06-18 20:15:00;0.000003;0.000000;505.002519
2019-06-18 20:20:00;0.000002;0.000000;505.002522
2019-06-18 20:25:00;0.000002;0.000000;505.002524
2019-06-18 20:30:00;0.000002;0.000000;505.002526
2019-06-18 20:35:00;0.000002;0.000000;505.002528
2019-06-18 20:40:00;0.000002;0.000000;505.002530
2019-06-18 20:45:00;0.000002;0.000000;505.002533
2019-06-18 20:50:00;0.000002;0.000000;505.002535
2019-06-18 20:55:00;0.000002;0.000000;505.002537
2019-06-18 21:00:00;0.000002;0.000000;505.002539
2019-06-18 21:05:00;0.000002;0.000000;505.002541
2019-06-18 21:10:00;0.000002;0.000000;505.002544
2019-06-18 21:15:00;0.000002;0.000000;505.002546
2019-06-18 21:20:00;0.000002;0.000000;505.002548
2019-06-18 21:25:00;0.000002;0.000000;505.002550
2019-06-18 21:30:00;0.000002;0.000000;505.002552
2019-06-18 21:35:00;0.000002;0.000000;505.002554
2019-06-18 21:40:00;0.000002;0.000000;505.002557
2019-06-18 21:45:00;0.000002;0.000000;505.002559
2019-06-18 21:50:00;0.000002;0.000000;505.002561
2019-06-18 21:55:00;0.000002;0.000000;505.002563
2019-06-18 22:00:00;0.000002;0.000000;505.002566
2019-06-18 22:05:00;0.000002;0.000000;505.002568
2019-06-18 22:10:00;0.000002;0.000000;505.002570
2019-06-18 22:15:00;0.000002;0.000000;505.002572
2019-06-18 22:20:00;0.000002;0.000000;505.002574
2019-06-18 22:25:00;0.000002;0.000000;505.002576
2019-06-18 22:30:00;0.000002;0.000000;505.002579
2019-06-18 22:35:00;0.000002;0.000000;505.002581
2019-06-18 22:40:00;0.000002;0.000000;505.002583
2019-06-18 22:45:00;0.000002;0.000000;505.002585
2019-06-18 22:50:00;0.000002;0.000000;505.002587
2019-06-18 22:55:00;0.000002;0.000000;505.002589
2019-06-18 23:00:00;0.000002;0.000000;505.002592
2019-06-18 23:05:00;0.000002;0.000000;505.002594
2019-06-18 23:10:00;0.000002;0.000000;505.002596
2019-06-18 23:15:00;0.000002;0.000000;505.002598
2019-06-18 23:20:00;0.000002;0.000000;505.002600
2019-06-18 23:25:00;0.000002;0.000000;505.002602
2019-06-18 23:30:00;0.000002;0.000000;505.002604
2019-06-18 23:35:00;0.000002;0.000000;505.002607
2019-06-18 23:40:00;0.000002;0.000000;505.002609
2019-06-18 23:45:00;0.000002;0.000000;505.002611
2019-06-18 23:50:00;0.000002;0.000000;505.002613
2019-06-18 23:55:00;0.000002;0.000000;505.002615
2019-06-19 00:00:00;0.000002;0.000000;505.002617
2019-06-19 00:05:00;0.000002;0.000000;505.002619
2019-06-19 00:10:00;0.000002;0.000000;505.002621
2019-06-19 00:15:00;0.000002;0.000000;505.002624
2019-06-19 00:20:00;0.000002;0.000000;505.002626
2019-06-19 00:25:00;0.000002;0.000000;505.002628
2019-06-19 00:30:00;0.000002;0.000000;505.002630
2019-06-19 00:35:00;0.000002;0.000000;505.002632
2019-06-19 00:40:00;0.000002;0.000000;505.002634
2019-06-19 00:45:00;0.000002;0.000000;505.002637
2019-06-19 00:50:00;0.000002;0.000000;505.002639
2019-06-19 00:55:00;0.000002;0.000000;505.002641
2019-06-19 01:00:00;0.000002;0.000000;505.002643
2019-06-19 01:05:00;0.000002;0.000000;505.002645
2019-06-19 01:10:00;0.000002;0.000000;505.002647
2019-06-19 01:15:00;0.000002;0.000000;505.002650
2019-06-19 01:20:00;0.000002;0.000000;505.002652
2019-06-19 01:25:00;0.000002;0.000000;505.002654
2019-06-19 01:30:00;0.000002;0.000000;505.002656
2019-06-19 01:35:00;0.000002;0.000000;505.002658
2019-06-19 01:40:00;0.000002;0.000000;505.002660
2019-06-19 01:45:00;0.000002;0.000000;505.002662
2019-06-19 01:50:00;0.000002;0.000000;505.002664
2019-06-19 01:55:00;0.000002;0.000000;505.002667
2019-06-19 02:00:00;0.000002;0.000000;505.002669
2019-06-19 02:05:00;0.000002;0.000000;505.002671
2019-06-19 02:10:00;0.000002;0.000000;505.002673
2019-06-19 02:15:00;0.000002;0.000000;505.002675
2019-06-19 02:20:00;0.000002;0.000000;505.002677
2019-06-19 02:25:00;0.000002;0.000000;505.002679
2019-06-19 02:30:00;0.000002;0.000000;505.002681
2019-06-19 02:35:00;0.000002;0.000000;505.002684
2019-06-19 02:40:00;0.000002;0.000000;505.002686
2019-06-19 02:45:00;0.000002;0.000000;505.002688
2019-06-19 02:50:00;0.000002;0.000000;505.002691
2019-06-19 02:55:00;0.000003;0.000000;505.002693
2019-06-19 03:00:00;0.000003;0.000000;505.002696
2019-06-19 03:05:00;0.000004;0.000000;505.002700
2019-06-19 03:10:00;0.000005;0.000000;505.002705
2019-06-19 03:15:00;0.000008;0.000000;505.002713
2019-06-19 03:20:00;0.000018;0.000000;505.002731
2019-06-19 03:25:00;0.000064;0.000000;505.002795
2019-06-19 03:30:00;0.000317;0.000000;505.003111
2019-06-19 03:35:00;0.000748;0.000000;505.003860
2019-06-19 03:40:00;0.001384;0.000000;505.005243
2019-06-19 03:45:00;0.002157;0.000000;505.007400
2019-06-19 03:50:00;0.003035;0.000000;505.010435
2019-06-19 03:55:00;0.004032;0.000000;505.014467
2019-06-19 04:00:00;0.005253;0.000000;505.019720
2019-06-19 04:05:00;0.006661;0.000000;505.026381
2019-06-19 04:10:00;0.008435;0.000000;505.034816
2019-06-19 04:15:00;0.010492;0.000000;505.045309
2019-06-19 04:20:00;0.012402;0.000000;505.057710
2019-06-19 04:25:00;0.014177;0.000000;505.071888
2019-06-19 04:30:00;0.015823;0.000000;505.087710
2019-06-19 04:35:00;0.017174;0.000000;505.104884
2019-06-19 04:40:00;0.018431;0.000000;505.123315
2019-06-19 04:45:00;0.019639;0.000000;505.142954
2019-06-19 04:50:00;0.020807;0.000000;505.163760
2019-06-19 04:55:00;0.021893;0.000000;505.185653
2019-06-19 05:00:00;0.023001;0.000000;505.208654
2019-06-19 05:05:00;0.023973;0.000000;505.232627
2019-06-19 05:10:00;0.024942;0.000000;505.257569
2019-06-19 05:15:00;0.025880;0.000000;505.283450
2019-06-19 05:20:00;0.026632;0.000000;505.310081
2019-06-19 05:25:00;0.027441;0.000000;505.337522
2019-06-19 05:30:00;0.028337;0.000000;505.365859
2019-06-19 05:35:00;0.029113;0.000000;505.394973
2019-06-19 05:40:00;0.029789;0.000000;505.424762
2019-06-19 05:45:00;0.030526;0.000000;505.455288
2019-06-19 05:50:00;0.030814;0.000000;505.486102
2019-06-19 05:55:00;0.031968;0.000000;505.518070
2019-06-19 06:00:00;0.032845;0.000000;505.550915
2019-06-19 06:05:00;0.033670;0.000000;505.584585
2019-06-19 06:10:00;0.033600;0.000000;505.618185
2019-06-19 06:15:00;0.034556;0.000000;505.652741
2019-06-19 06:20:00;0.035320;0.000000;505.688062
2019-06-19 06:25:00;0.035714;0.000000;505.723776
2019-06-19 06:30:00;0.036578;0.000000;505.760353
2019-06-19 06:35:00;0.037296;0.000000;505.797649
2019-06-19 06:40:00;0.037913;0.000000;505.835562
2019-06-19 06:45:00;0.038365;0.000000;505.873926
2019-06-19 06:50:00;0.038928;0.000000;505.912855
2019-06-19 06:55:00;0.039510;0.000000;505.952365
2019-06-19 07:00:00;0.040348;0.000000;505.992712
2019-06-19 07:05:00;0.041555;0.000000;506.034267
2019-06-19 07:10:00;0.042684;0.000000;506.076952
2019-06-19 07:15:00;0.043722;0.000000;506.120673
2019-06-19 07:20:00;0.044706;0.000000;506.165380
2019-06-19 07:25:00;0.045659;0.000000;506.211039
2019-06-19 07:30:00;0.045797;0.000000;506.256836
2019-06-19 07:35:00;0.047107;0.000000;506.303943
2019-06-19 07:40:00;0.047484;0.000000;506.351427
2019-06-19 07:45:00;0.048448;0.000000;506.399875
2019-06-19 07:50:00;0.049772;0.000000;506.449647
2019-06-19 07:55:00;0.049420;0.000000;506.499067
2019-06-19 08:00:00;0.049275;0.000000;506.548342
2019-06-19 08:05:00;0.050567;0.000000;506.598908
2019-06-19 08:10:00;0.052545;0.000000;506.651454
2019-06-19 08:15:00;0.055801;0.000000;506.707255
2019-06-19 08:20:00;0.058717;0.000000;506.765973
2019-06-19 08:25:00;0.057166;0.000000;506.823139
2019-06-19 08:30:00;0.057056;0.000000;506.880194
2019-06-19 08:35:00;0.056236;0.000000;506.936431
2019-06-19 08:40:00;0.057629;0.000000;506.994060
2019-06-19 08:45:00;0.058601;0.000000;507.052661
2019-06-19 08:50:00;0.060632;0.000000;507.113292
2019-06-19 08:55:00;0.064736;0.000000;507.178029
2019-06-19 09:00:00;0.063730;0.000000;507.241759
2019-06-19 09:05:00;0.064246;0.000000;507.306005
2019-06-19 09:10:00;0.068212;0.000000;507.374217
2019-06-19 09:15:00;0.071554;0.000000;507.445771
2019-06-19 09:20:00;0.069158;0.000000;507.514929
2019-06-19 09:25:00;0.063539;0.000000;507.578468
2019-06-19 09:30:00;0.060081;0.000000;507.638549
2019-06-19 09:35:00;0.059722;0.000000;507.698271
2019-06-19 09:40:00;0.063933;0.000000;507.762204
2019-06-19 09:45:00;0.067280;0.000000;507.829484
2019-06-19 09:50:00;0.063540;0.000000;507.893025
2019-06-19 09:55:00;0.066020;0.000000;507.959045
2019-06-19 10:00:00;0.069116;0.000000;508.028160
2019-06-19 10:05:00;0.068420;0.000000;508.096580
2019-06-19 10:10:00;0.066783;0.000000;508.163364
2019-06-19 10:15:00;0.063994;0.000000;508.227357
2019-06-19 10:20:00;0.059824;0.000000;508.287182
2019-06-19 10:25:00;0.057222;0.000000;508.344404
2019-06-19 10:30:00;0.059654;0.000000;508.404058
2019-06-19 10:35:00;0.055269;0.000000;508.459327
2019-06-19 10:40:00;0.043751;0.000000;508.503079
2019-06-19 10:45:00;0.044017;0.000000;508.547095
2019-06-19 10:50:00;0.046683;0.000000;508.593778
2019-06-19 10:55:00;0.045968;0.000000;508.639746
2019-06-19 11:00:00;0.045339;0.000000;508.685085
2019-06-19 11:05:00;0.046960;0.000000;508.732045
2019-06-19 11:10:00;0.046839;0.000000;508.778885
2019-06-19 11:15:00;0.046861;0.000000;508.825745
2019-06-19 11:20:00;0.047150;0.000000;508.872896
2019-06-19 11:25:00;0.044084;0.000000;508.916980
2019-06-19 11:30:00;0.045458;0.000000;508.962438
2019-06-19 11:35:00;0.047121;0.000000;509.009559
2019-06-19 11:40:00;0.048590;0.000000;509.058149
2019-06-19 11:45:00;0.049466;0.000000;509.107615
2019-06-19 11:50:00;0.049250;0.000000;509.156865
2019-06-19 11:55:00;0.048553;0.000000;509.205419
2019-06-19 12:00:00;0.047249;0.000000;509.252668
2019-06-19 12:05:00;0.046274;0.000000;509.298942
2019-06-19 12:10:00;0.049034;0.000000;509.347975
2019-06-19 12:15:00;0.052062;0.000000;509.400037
2019-06-19 12:20:00;0.053607;0.000000;509.453644
2019-06-19 12:25:00;0.056617;0.000000;509.510261
2019-06-19 12:30:00;0.057753;0.000000;509.568014
2019-06-19 12:35:00;0.058646;0.000000;509.626661
2019-06-19 12:40:00;0.059220;0.000000;509.685881
2019-06-19 12:45:00;0.057097;0.000000;509.742978
2019-06-19 12:50:00;0.058305;0.000000;509.801283
2019-06-19 12:55:00;0.057562;0.000000;509.858845
2019-06-19 13:00:00;0.057402;0.000000;509.916247
2019-06-19 13:05:00;0.057876;0.000000;509.974123
2019-06-19 13:10:00;0.058980;0.000000;510.033102
2019-06-19 13:15:00;0.059918;0.015000;510.078020
2019-06-19 13:20:00;0.021688;0.015000;510.084708
2019-06-19 13:25:00;0.015850;0.015000;510.085558
2019-06-19 13:30:00;0.016445;0.015000;510.087003
2019-06-19 13:35:00;0.017235;0.015000;510.089238
2019-06-19 13:40:00;0.018297;0.015000;510.092535
2019-06-19 13:45:00;0.018366;0.015000;510.095901
2019-06-19 13:50:00;0.017051;0.015000;510.097952
2019-06-19 13:55:00;0.019014;0.015000;510.101965
2019-06-19 14:00:00;0.016185;0.015000;510.103151
2019-06-19 14:05:00;0.016494;0.015000;510.104645
2019-06-19 14:10:00;0.013606;0.015000;510.103251
2019-06-19 14:15:00;0.015884;0.015000;510.104134
2019-06-19 14:20:00;0.015669;0.015000;510.104803
2019-06-19 14:25:00;0.013814;0.015000;510.103617
2019-06-19 14:30:00;0.012597;0.015000;510.101214
2019-06-19 14:35:00;0.014866;0.015000;510.101080
2019-06-19 14:40:00;0.014783;0.015000;510.100863
2019-06-19 14:45:00;0.025027;0.015000;510.110889
2019-06-19 14:50:00;0.017941;0.015000;510.113830
2019-06-19 14:55:00;0.019558;0.015000;510.118389
2019-06-19 15:00:00;0.026786;0.015000;510.130175
2019-06-19 15:05:00;0.026518;0.015000;510.141693
2019-06-19 15:10:00;0.027960;0.015000;510.154654
2019-06-19 15:15:00;0.028568;0.015000;510.168222
2019-06-19 15:20:00;0.029228;0.015000;510.182450
2019-06-19 15:25:00;0.030142;0.015000;510.197593
2019-06-19 15:30:00;0.031373;0.015000;510.213966
2019-06-19 15:35:00;0.032705;0.015000;510.231671
2019-06-19 15:40:00;0.033297;0.015000;510.249967
2019-06-19 15:45:00;0.033685;0.015000;510.268653
2019-06-19 15:50:00;0.033881;0.015000;510.287534
2019-06-19 15:55:00;0.034073;0.015000;510.306607
2019-06-19 16:00:00;0.034423;0.015000;510.326030
2019-06-19 16:05:00;0.034298;0.015000;510.345327
2019-06-19 16:10:00;0.034164;0.015000;510.364491
2019-06-19 16:15:00;0.034836;0.015000;510.384328
2019-06-19 16:20:00;0.035714;0.015000;510.405041
2019-06-19 16:25:00;0.036511;0.015000;510.426552
2019-06-19 16:30:00;0.037289;0.015000;510.448841
2019-06-19 16:35:00;0.037815;0.015000;510.471657
2019-06-19 16:40:00;0.038104;0.015000;510.494761
2019-06-19 16:45:00;0.038505;0.015000;510.518266
2019-06-19 16:50:00;0.039204;0.015000;510.542470
2019-06-19 16:55:00;0.037655;0.015000;510.565125
2019-06-19 17:00:00;0.036699;0.015000;510.586825
2019-06-19 17:05:00;0.034425;0.015000;510.606249
2019-06-19 17:10:00;0.035419;0.015000;510.626668
2019-06-19 17:15:00;0.033254;0.015000;510.644922
2019-06-19 17:20:00;0.037495;0.015000;510.667417
2019-06-19 17:25:00;0.052910;0.015000;510.705327
2019-06-19 17:30:00;0.043917;0.015000;510.734244
2019-06-19 17:35:00;0.041544;0.015000;510.760789
2019-06-19 17:40:00;0.041897;0.015000;510.787686
2019-06-19 17:45:00;0.043166;0.015000;510.815852
2019-06-19 17:50:00;0.039082;0.015000;510.839934
2019-06-19 17:55:00;0.034586;0.015000;510.859520
2019-06-19 18:00:00;0.033895;0.015000;510.878414
2019-06-19 18:05:00;0.032318;0.015000;510.895732
2019-06-19 18:10:00;0.030459;0.015000;510.911192
2019-06-19 18:15:00;0.017578;0.015000;510.913770
2019-06-19 18:20:00;0.011861;0.015000;510.910631
2019-06-19 18:25:00;0.010766;0.015000;510.906397
2019-06-19 18:30:00;0.009986;0.015000;510.901383
2019-06-19 18:35:00;0.018580;0.015000;510.904962
2019-06-19 18:40:00;0.017450;0.015000;510.907412
2019-06-19 18:45:00;0.011906;0.015000;510.904318
2019-06-19 18:50:00;0.004866;0.015000;510.894185
2019-06-19 18:55:00;0.004442;0.015000;510.883627
2019-06-19 19:00:00;0.001569;0.015000;510.870196
2019-06-19 19:05:00;0.004095;0.015000;510.859291
2019-06-19 19:10:00;0.004932;0.015000;510.849223
2019-06-19 19:15:00;0.002966;0.015000;510.837190
2019-06-19 19:20:00;0.001220;0.015000;510.823410
2019-06-19 19:25:00;0.000528;0.015000;510.808938
2019-06-19 19:30:00;0.000218;0.015000;510.794155
2019-06-19 19:35:00;0.000076;0.015000;510.779231
2019-06-19 19:40:00;0.000012;0.015000;510.764244
2019-06-19 19:45:00;0.000007;0.015000;510.749251
2019-06-19 19:50:00;0.000004;0.015000;510.734255
2019-06-19 19:55:00;0.000003;0.015000;510.719258
2019-06-19 20:00:00;0.000003;0.015000;510.704261
2019-06-19 20:05:00;0.000003;0.015000;510.689264
2019-06-19 20:10:00;0.000002;0.015000;510.674266
2019-06-19 20:15:00;0.000002;0.015000;510.659269
2019-06-19 20:20:00;0.000002;0.015000;510.644271
2019-06-19 20:25:00;0.000002;0.015000;510.629273
2019-06-19 20:30:00;0.000002;0.015000;510.614275
2019-06-19 20:35:00;0.000002;0.015000;510.599277
2019-06-19 20:40:00;0.000002;0.015000;510.584279
2019-06-19 20:45:00;0.000002;0.015000;510.569282
2019-06-19 20:50:00;0.000002;0.015000;510.554284
2019-06-19 20:55:00;0.000002;0.015000;510.539286
2019-06-19 21:00:00;0.000002;0.015000;510.524288
2019-06-19 21:05:00;0.000002;0.015000;510.509290
2019-06-19 21:10:00;0.000002;0.015000;510.494292
2019-06-19 21:15:00;0.000002;0.015000;510.479294
2019-06-19 21:20:00;0.000002;0.015000;510.464296
2019-06-19 21:25:00;0.000002;0.015000;510.449298
2019-06-19 21:30:00;0.000002;0.015000;510.434301
2019-06-19 21:35:00;0.000002;0.015000;510.419303
2019-06-19 21:40:00;0.000002;0.015000;510.404305
2019-06-19 21:45:00;0.000002;0.015000;510.389307
2019-06-19 21:50:00;0.000002;0.015000;510.374309
2019-06-19 21:55:00;0.000002;0.015000;510.359311
2019-06-19 22:00:00;0.000002;0.015000;510.344313
2019-06-19 22:05:00;0.000002;0.015000;510.329315
2019-06-19 22:10:00;0.000002;0.015000;510.314317
2019-06-19 22:15:00;0.000002;0.015000;510.299320
2019-06-19 22:20:00;0.000002;0.015000;510.284322
2019-06-19 22:25:00;0.000002;0.015000;510.269324
2019-06-19 22:30:00;0.000002;0.015000;510.254326
2019-06-19 22:35:00;0.000002;0.015000;510.239328
2019-06-19 22:40:00;0.000002;0.015000;510.224330
2019-06-19 22:45:00;0.000002;0.015000;510.209332
2019-06-19 22:50:00;0.000002;0.015000;510.194334
2019-06-19 22:55:00;0.000002;0.015000;510.179336
2019-06-19 23:00:00;0.000002;0.015000;510.164338
2019-06-19 23:05:00;0.000002;0.015000;510.149340
2019-06-19 23:10:00;0.000002;0.015000;510.134343
2019-06-19 23:15:00;0.000002;0.015000;510.119345
2019-06-19 23:20:00;0.000002;0.015000;510.104347
2019-06-19 23:25:00;0.000002;0.015000;510.089349
2019-06-19 23:30:00;0.000002;0.015000;510.074351
2019-06-19 23:35:00;0.000002;0.015000;510.059353
2019-06-19 23:40:00;0.000002;0.015000;510.044355
2019-06-19 23:45:00;0.000002;0.015000;510.029357
2019-06-19 23:50:00;0.000002;0.015000;510.014359
2019-06-19 23:55:00;0.000002;0.015000;509.999361
2019-06-20 00:00:00;0.000002;0.015000;509.984364
2019-06-20 00:05:00;0.000002;0.015000;509.969366
2019-06-20 00:10:00;0.000002;0.015000;509.954368
2019-06-20 00:15:00;0.000002;0.015000;509.939370
2019-06-20 00:20:00;0.000002;0.015000;509.924372
2019-06-20 00:25:00;0.000002;0.015000;509.909374
2019-06-20 00:30:00;0.000002;0.015000;509.894376
2019-06-20 00:35:00;0.000002;0.015000;509.879378
2019-06-20 00:40:00;0.000002;0.015000;509.864381
2019-06-20 00:45:00;0.000002;0.015000;509.849383
2019-06-20 00:50:00;0.000002;0.015000;509.834385
2019-06-20 00:55:00;0.000002;0.015000;509.819387
2019-06-20 01:00:00;0.000002;0.015000;509.804389
2019-06-20 01:05:00;0.000002;0.015000;509.789391
2019-06-20 01:10:00;0.000002;0.015000;509.774393
2019-06-20 01:15:00;0.000002;0.015000;509.759395
2019-06-20 01:20:00;0.000002;0.015000;509.744397
2019-06-20 01:25:00;0.000002;0.015000;509.729400
2019-06-20 01:30:00;0.000002;0.015000;509.714402
2019-06-20 01:35:00;0.000002;0.015000;509.699404
2019-06-20 01:40:00;0.000002;0.015000;509.684406
2019-06-20 01:45:00;0.000002;0.015000;509.669408
2019-06-20 01:50:00;0.000002;0.015000;509.654410
2019-06-20 01:55:00;0.000002;0.015000;509.639412
2019-06-20 02:00:00;0.000002;0.015000;509.624414
2019-06-20 02:05:00;0.000002;0.015000;509.609416
2019-06-20 02:10:00;0.000002;0.015000;509.594419
2019-06-20 02:15:00;0.000002;0.015000;509.579421
2019-06-20 02:20:00;0.000002;0.015000;509.564423
2019-06-20 02:25:00;0.000002;0.015000;509.549425
2019-06-20 02:30:00;0.000002;0.015000;509.534427
2019-06-20 02:35:00;0.000002;0.015000;509.519429
2019-06-20 02:40:00;0.000002;0.015000;509.504431
2019-06-20 02:45:00;0.000002;0.015000;509.489434
2019-06-20 02:50:00;0.000002;0.015000;509.474436
2019-06-20 02:55:00;0.000002;0.015000;509.459438
2019-06-20 03:00:00;0.000003;0.015000;509.444441
2019-06-20 03:05:00;0.000003;0.015000;509.429444
2019-06-20 03:10:00;0.000004;0.015000;509.414448
2019-06-20 03:15:00;0.000006;0.015000;509.399454
2019-06-20 03:20:00;0.000009;0.015000;509.384463
2019-06-20 03:25:00;0.000018;0.015000;509.369481
2019-06-20 03:30:00;0.000054;0.015000;509.354535
2019-06-20 03:35:00;0.000303;0.015000;509.339837
2019-06-20 03:40:00;0.001033;0.015000;509.325871
2019-06-20 03:45:00;0.002593;0.015000;509.313463
2019-06-20 03:50:00;0.004297;0.015000;509.302760
2019-06-20 03:55:00;0.005041;0.015000;509.292801
2019-06-20 04:00:00;0.005616;0.015000;509.283418
2019-06-20 04:05:00;0.006416;0.015000;509.274833
2019-06-20 04:10:00;0.007674;0.015000;509.267507
2019-06-20 04:15:00;0.009561;0.015000;509.262068
2019-06-20 04:20:00;0.011364;0.015000;509.258432
2019-06-20 04:25:00;0.013844;0.015000;509.257276
2019-06-20 04:30:00;0.016690;0.015000;509.258967
2019-06-20 04:35:00;0.018722;0.015000;509.262689
2019-06-20 04:40:00;0.017830;0.015000;509.265519
2019-06-20 04:45:00;0.017315;0.015000;509.267833
2019-06-20 04:50:00;0.017641;0.015000;509.270475
2019-06-20 04:55:00;0.019158;0.015000;509.274633
2019-06-20 05:00:00;0.021910;0.015000;509.281543
2019-06-20 05:05:00;0.021621;0.015000;509.288164
2019-06-20 05:10:00;0.023124;0.015000;509.296288
2019-06-20 05:15:00;0.026774;0.015000;509.308062
2019-06-20 05:20:00;0.031719;0.015000;509.324780
2019-06-20 05:25:00;0.035267;0.015000;509.345047
2019-06-20 05:30:00;0.040375;0.015000;509.370422
2019-06-20 05:35:00;0.043205;0.015000;509.398627
2019-06-20 05:40:00;0.042098;0.015000;509.425725
2019-06-20 05:45:00;0.039792;0.015000;509.450517
2019-06-20 05:50:00;0.034320;0.015000;509.469837
2019-06-20 05:55:00;0.027894;0.015000;509.482731
2019-06-20 06:00:00;0.026256;0.015000;509.493987
2019-06-20 06:05:00;0.028163;0.015000;509.507150
2019-06-20 06:10:00;0.031860;0.015000;509.524010
2019-06-20 06:15:00;0.034596;0.015000;509.543606
2019-06-20 06:20:00;0.037965;0.015000;509.566571
2019-06-20 06:25:00;0.045144;0.015000;509.596715
2019-06-20 06:30:00;0.048674;0.015000;509.630390
2019-06-20 06:35:00;0.052073;0.015000;509.667463
2019-06-20 06:40:00;0.055410;0.015000;509.707873
2019-06-20 06:45:00;0.057500;0.015000;509.750373
2019-06-20 06:50:00;0.060043;0.015000;509.795416
2019-06-20 06:55:00;0.051583;0.015000;509.831999
2019-06-20 07:00:00;0.045875;0.015000;509.862873
2019-06-20 07:05:00;0.041386;0.015000;509.889259
2019-06-20 07:10:00;0.037479;0.015000;509.911739
2019-06-20 07:15:00;0.030069;0.015000;509.926808
2019-06-20 07:20:00;0.027699;0.015000;509.939506
2019-06-20 07:25:00;0.030952;0.015000;509.955458
2019-06-20 07:30:00;0.039348;0.015000;509.979807
2019-06-20 07:35:00;0.047540;0.015000;510.012347
2019-06-20 07:40:00;0.050319;0.015000;510.047666
2019-06-20 07:45:00;0.052754;0.015000;510.085420
2019-06-20 07:50:00;0.045725;0.015000;510.116145
2019-06-20 07:55:00;0.038660;0.015000;510.139805
2019-06-20 08:00:00;0.029812;0.015000;510.154617
2019-06-20 08:05:00;0.032792;0.015000;510.172409
2019-06-20 08:10:00;0.038707;0.015000;510.196117
2019-06-20 08:15:00;0.045587;0.015000;510.226704
2019-06-20 08:20:00;0.055088;0.015000;510.266791
2019-06-20 08:25:00;0.067366;0.015000;510.319157
2019-06-20 08:30:00;0.061011;0.015000;510.365168
2019-06-20 08:35:00;0.049273;0.015000;510.399441
2019-06-20 08:40:00;0.030394;0.015000;510.414835
2019-06-20 08:45:00;0.022027;0.015000;510.421861
2019-06-20 08:50:00;0.017758;0.015000;510.424619
2019-06-20 08:55:00;0.015777;0.015000;510.425397
2019-06-20 09:00:00;0.016227;0.015000;510.426623
2019-06-20 09:05:00;0.018257;0.015000;510.429880
2019-06-20 09:10:00;0.020232;0.015000;510.435113
2019-06-20 09:15:00;0.025157;0.015000;510.445270
2019-06-20 09:20:00;0.034475;0.015000;510.464745
2019-06-20 09:25:00;0.036284;0.015000;510.486029
2019-06-20 09:30:00;0.033604;0.015000;510.504632
2019-06-20 09:35:00;0.032399;0.015000;510.522032
2019-06-20 09:40:00;0.030372;0.015000;510.537404
2019-06-20 09:45:00;0.026569;0.015000;510.548972
2019-06-20 09:50:00;0.024691;0.015000;510.558664
2019-06-20 09:55:00;0.025716;0.015000;510.569380
2019-06-20 10:00:00;0.035069;0.015000;510.589449
2019-06-20 10:05:00;0.051716;0.015000;510.626166
2019-06-20 10:10:00;0.064545;0.015000;510.675711
2019-06-20 10:15:00;0.069142;0.015000;510.729853
2019-06-20 10:20:00;0.076950;0.015000;510.791803
2019-06-20 10:25:00;0.083753;0.015000;510.860556
2019-06-20 10:30:00;0.080638;0.015000;510.926194
2019-06-20 10:35:00;0.071890;0.015000;510.983085
2019-06-20 10:40:00;0.066325;0.015000;511.034409
2019-06-20 10:45:00;0.061235;0.015000;511.080644
2019-06-20 10:50:00;0.052218;0.015000;511.117862
2019-06-20 10:55:00;0.043727;0.015000;511.146589
2019-06-20 11:00:00;0.040379;0.015000;511.171968
2019-06-20 11:05:00;0.041889;0.015000;511.198857
2019-06-20 11:10:00;0.043404;0.015000;511.227262
2019-06-20 11:15:00;0.047357;0.015000;511.259619
2019-06-20 11:20:00;0.045803;0.015000;511.290422
2019-06-20 11:25:00;0.045665;0.015000;511.321088
2019-06-20 11:30:00;0.048521;0.015000;511.354608
2019-06-20 11:35:00;0.053854;0.015000;511.393462
2019-06-20 11:40:00;0.061394;0.015000;511.439856
2019-06-20 11:45:00;0.066520;0.015000;511.491376
2019-06-20 11:50:00;0.068550;0.015000;511.544927
2019-06-20 11:55:00;0.066346;0.015000;511.596273
2019-06-20 12:00:00;0.075291;0.015000;511.656564
2019-06-20 12:05:00;0.080821;0.015000;511.722385
2019-06-20 12:10:00;0.081836;0.015000;511.789221
2019-06-20 12:15:00;0.089464;0.015000;511.863685
2019-06-20 12:20:00;0.103115;0.015000;511.951800
2019-06-20 12:25:00;0.117870;0.015000;512.054670
2019-06-20 12:30:00;0.125032;0.015000;512.164702
2019-06-20 12:35:00;0.115140;0.015000;512.264842
2019-06-20 12:40:00;0.113317;0.015000;512.363159
2019-06-20 12:45:00;0.109579;0.015000;512.457738
2019-06-20 12:50:00;0.118859;0.015000;512.561597
2019-06-20 12:55:00;0.105272;0.015000;512.651869
2019-06-20 13:00:00;0.086269;0.015000;512.723139
2019-06-20 13:05:00;0.076545;0.015000;512.784684
2019-06-20 13:10:00;0.072841;0.015000;512.842525
2019-06-20 13:15:00;0.061660;0.015000;512.889185
2019-06-20 13:20:00;0.065769;0.015000;512.939954
2019-06-20 13:25:00;0.069257;0.015000;512.994211
2019-06-20 13:30:00;0.077764;0.015000;513.056975
2019-06-20 13:35:00;0.088536;0.015000;513.130511
2019-06-20 13:40:00;0.086388;0.015000;513.201899
2019-06-20 13:45:00;0.087923;0.015000;513.274822
2019-06-20 13:50:00;0.088140;0.015000;513.347962
2019-06-20 13:55:00;0.086893;0.015000;513.419855
2019-06-20 14:00:00;0.093456;0.015000;513.498311
2019-06-20 14:05:00;0.060682;0.015000;513.543993
2019-06-20 14:10:00;0.022576;0.015000;513.551569
2019-06-20 14:15:00;0.022921;0.015000;513.559490
2019-06-20 14:20:00;0.023685;0.015000;513.568175
2019-06-20 14:25:00;0.025167;0.015000;513.578342
2019-06-20 14:30:00;0.027561;0.015000;513.590904
2019-06-20 14:35:00;0.029992;0.015000;513.605896
2019-06-20 14:40:00;0.025337;0.015000;513.616233
2019-06-20 14:45:00;0.028907;0.015000;513.630140
2019-06-20 14:50:00;0.036010;0.015000;513.651150
2019-06-20 14:55:00;0.034571;0.015000;513.670722
2019-06-20 15:00:00;0.033153;0.015000;513.688874
2019-06-20 15:05:00;0.032387;0.015000;513.706261
2019-06-20 15:10:00;0.032671;0.015000;513.723932
2019-06-20 15:15:00;0.034015;0.015000;513.742947
2019-06-20 15:20:00;0.024219;0.015000;513.752166
2019-06-20 15:25:00;0.034398;0.015000;513.771565
2019-06-20 15:30:00;0.034668;0.015000;513.791233
2019-06-20 15:35:00;0.009386;0.015000;513.785619
2019-06-20 15:40:00;0.004151;0.015000;513.774770
2019-06-20 15:45:00;0.003037;0.015000;513.762806
2019-06-20 15:50:00;0.001944;0.015000;513.749750
2019-06-20 15:55:00;0.001096;0.015000;513.735846
2019-06-20 16:00:00;0.003559;0.015000;513.724405
2019-06-20 16:05:00;0.004064;0.015000;513.713469
2019-06-20 16:10:00;0.009014;0.015000;513.707483
2019-06-20 16:15:00;0.033274;0.015000;513.725757
2019-06-20 16:20:00;0.096234;0.015000;513.806991
2019-06-20 16:25:00;0.065577;0.015000;513.857568
2019-06-20 16:30:00;0.078828;0.015000;513.921397
2019-06-20 16:35:00;0.117612;0.015000;514.024008
2019-06-20 16:40:00;0.111515;0.015000;514.120523
2019-06-20 16:45:00;0.217117;0.015000;514.322640
2019-06-20 16:50:00;0.331560;0.015000;514.639200
2019-06-20 16:55:00;0.163963;0.015000;514.788164
2019-06-20 17:00:00;0.042040;0.015000;514.815204
2019-06-20 17:05:00;0.041155;0.015000;514.841359
2019-06-20 17:10:00;0.036942;0.015000;514.863302
2019-06-20 17:15:00;0.032826;0.015000;514.881128
2019-06-20 17:20:00;0.046118;0.015000;514.912245
2019-06-20 17:25:00;0.046666;0.015000;514.943912
2019-06-20 17:30:00;0.022189;0.015000;514.951100
2019-06-20 17:35:00;0.047517;0.015000;514.983617
2019-06-20 17:40:00;0.048112;0.015000;515.016730
2019-06-20 17:45:00;0.014668;0.015000;515.016398
2019-06-20 17:50:00;0.013538;0.015000;515.014937
2019-06-20 17:55:00;0.013656;0.015000;515.013593
2019-06-20 18:00:00;0.019938;0.015000;515.018531
2019-06-20 18:05:00;0.015198;0.015000;515.018729
2019-06-20 18:10:00;0.044493;0.015000;515.048222
2019-06-20 18:15:00;0.033303;0.015000;515.066525
2019-06-20 18:20:00;0.040597;0.015000;515.092122
2019-06-20 18:25:00;0.014593;0.015000;515.091715
2019-06-20 18:30:00;0.028839;0.015000;515.105554
2019-06-20 18:35:00;0.010107;0.015000;515.100660
2019-06-20 18:40:00;0.005753;0.015000;515.091414
2019-06-20 18:45:00;0.004403;0.015000;515.080817
2019-06-20 18:50:00;0.003775;0.015000;515.069592
2019-06-20 18:55:00;0.007139;0.015000;515.061730
2019-06-20 19:00:00;0.012545;0.015000;515.059275
2019-06-20 19:05:00;0.009822;0.015000;515.054097
2019-06-20 19:10:00;0.006888;0.015000;515.045985
2019-06-20 19:15:00;0.005157;0.015000;515.036142
2019-06-20 19:20:00;0.003403;0.015000;515.024545
2019-06-20 19:25:00;0.001744;0.015000;515.011290
2019-06-20 19:30:00;0.001370;0.015000;514.997660
2019-06-20 19:35:00;0.000693;0.015000;514.983352
2019-06-20 19:40:00;0.000255;0.015000;514.968607
2019-06-20 19:45:00;0.000034;0.015000;514.953642
2019-06-20 19:50:00;0.000008;0.015000;514.938650
2019-06-20 19:55:00;0.000005;0.015000;514.923655
2019-06-20 20:00:00;0.000004;0.015000;514.908658
2019-06-20 20:05:00;0.000003;0.015000;514.893662
2019-06-20 20:10:00;0.000003;0.015000;514.878664
2019-06-20 20:15:00;0.000003;0.015000;514.863668
2019-06-20 20:20:00;0.000003;0.015000;514.848671
2019-06-20 20:25:00;0.000002;0.015000;514.833673
2019-06-20 20:30:00;0.000002;0.015000;514.818675
2019-06-20 20:35:00;0.000002;0.015000;514.803677
2019-06-20 20:40:00;0.000002;0.015000;514.788679
2019-06-20 20:45:00;0.000002;0.015000;514.773682
2019-06-20 20:50:00;0.000002;0.015000;514.758684
2019-06-20 20:55:00;0.000002;0.015000;514.743686
2019-06-20 21:00:00;0.000002;0.015000;514.728688
2019-06-20 21:05:00;0.000002;0.015000;514.713690
2019-06-20 21:10:00;0.000002;0.015000;514.698692
2019-06-20 21:15:00;0.000002;0.015000;514.683695
2019-06-20 21:20:00;0.000002;0.015000;514.668697
2019-06-20 21:25:00;0.000002;0.015000;514.653699
2019-06-20 21:30:00;0.000002;0.015000;514.638701
2019-06-20 21:35:00;0.000002;0.015000;514.623703
2019-06-20 21:40:00;0.000002;0.015000;514.608705
2019-06-20 21:45:00;0.000002;0.015000;514.593707
2019-06-20 21:50:00;0.000002;0.015000;514.578709
2019-06-20 21:55:00;0.000002;0.015000;514.563712
2019-06-20 22:00:00;0.000002;0.015000;514.548714
2019-06-20 22:05:00;0.000002;0.015000;514.533716
2019-06-20 22:10:00;0.000002;0.015000;514.518718
2019-06-20 22:15:00;0.000002;0.015000;514.503720
2019-06-20 22:20:00;0.000002;0.015000;514.488722
2019-06-20 22:25:00;0.000002;0.015000;514.473725
2019-06-20 22:30:00;0.000002;0.015000;514.458727
2019-06-20 22:35:00;0.000002;0.015000;514.443729
2019-06-20 22:40:00;0.000002;0.015000;514.428731
2019-06-20 22:45:00;0.000002;0.015000;514.413733
2019-06-20 22:50:00;0.000002;0.015000;514.398735
2019-06-20 22:55:00;0.000002;0.015000;514.383737
2019-06-20 23:00:00;0.000002;0.015000;514.368739
2019-06-20 23:05:00;0.000002;0.015000;514.353742
2019-06-20 23:10:00;0.000002;0.015000;514.338744
2019-06-20 23:15:00;0.000002;0.015000;514.323746
2019-06-20 23:20:00;0.000002;0.015000;514.308748
2019-06-20 23:25:00;0.000002;0.015000;514.293750
2019-06-20 23:30:00;0.000002;0.015000;514.278752
2019-06-20 23:35:00;0.000002;0.015000;514.263754
2019-06-20 23:40:00;0.000002;0.015000;514.248756
2019-06-20 23:45:00;0.000002;0.015000;514.233759
2019-06-20 23:50:00;0.000002;0.015000;514.218761
2019-06-20 23:55:00;0.000002;0.015000;514.203763
2019-06-21 00:00:00;0.000002;0.015000;514.188765
2019-06-21 00:05:00;0.000002;0.015000;514.173767
2019-06-21 00:10:00;0.000002;0.015000;514.158769
2019-06-21 00:15:00;0.000002;0.015000;514.143771
2019-06-21 00:20:00;0.000002;0.015000;514.128773
2019-06-21 00:25:00;0.000002;0.015000;514.113776
2019-06-21 00:30:00;0.000002;0.015000;514.098778
2019-06-21 00:35:00;0.000002;0.015000;514.083780
2019-06-21 00:40:00;0.000002;0.015000;514.068782
2019-06-21 00:45:00;0.000002;0.015000;514.053784
2019-06-21 00:50:00;0.000002;0.015000;514.038786
2019-06-21 00:55:00;0.000002;0.015000;514.023788
2019-06-21 01:00:00;0.000002;0.015000;514.008790
2019-06-21 01:05:00;0.000002;0.015000;513.993792
2019-06-21 01:10:00;0.000002;0.015000;513.978795
2019-06-21 01:15:00;0.000002;0.015000;513.963797
2019-06-21 01:20:00;0.000002;0.015000;513.948799
2019-06-21 01:25:00;0.000002;0.015000;513.933801
2019-06-21 01:30:00;0.000002;0.015000;513.918803
2019-06-21 01:35:00;0.000002;0.015000;513.903805
2019-06-21 01:40:00;0.000002;0.015000;513.888807
2019-06-21 01:45:00;0.000002;0.015000;513.873809
2019-06-21 01:50:00;0.000002;0.015000;513.858811
2019-06-21 01:55:00;0.000002;0.015000;513.843814
2019-06-21 02:00:00;0.000002;0.015000;513.828816
2019-06-21 02:05:00;0.000002;0.015000;513.813818
2019-06-21 02:10:00;0.000002;0.015000;513.798820
2019-06-21 02:15:00;0.000002;0.015000;513.783822
2019-06-21 02:20:00;0.000002;0.015000;513.768824
2019-06-21 02:25:00;0.000002;0.015000;513.753826
2019-06-21 02:30:00;0.000002;0.015000;513.738828
2019-06-21 02:35:00;0.000002;0.015000;513.723830
2019-06-21 02:40:00;0.000002;0.015000;513.708833
2019-06-21 02:45:00;0.000002;0.015000;513.693835
2019-06-21 02:50:00;0.000002;0.015000;513.678837
2019-06-21 02:55:00;0.000003;0.015000;513.663840
2019-06-21 03:00:00;0.000003;0.015000;513.648843
2019-06-21 03:05:00;0.000004;0.015000;513.633847
2019-06-21 03:10:00;0.000005;0.015000;513.618852
2019-06-21 03:15:00;0.000009;0.015000;513.603861
2019-06-21 03:20:00;0.000016;0.015000;513.588876
2019-06-21 03:25:00;0.000077;0.015000;513.573954
2019-06-21 03:30:00;0.000408;0.015000;513.559362
2019-06-21 03:35:00;0.001021;0.015000;513.545383
2019-06-21 03:40:00;0.001912;0.015000;513.532295
2019-06-21 03:45:00;0.003019;0.015000;513.520314
2019-06-21 03:50:00;0.004278;0.015000;513.509592
2019-06-21 03:55:00;0.005712;0.015000;513.500304
2019-06-21 04:00:00;0.007323;0.015000;513.492627
2019-06-21 04:05:00;0.008911;0.015000;513.486538
2019-06-21 04:10:00;0.010457;0.015000;513.481996
2019-06-21 04:15:00;0.011997;0.015000;513.478992
2019-06-21 04:20:00;0.013205;0.015000;513.477198
2019-06-21 04:25:00;0.014836;0.015000;513.477034
2019-06-21 04:30:00;0.017207;0.015000;513.479241
2019-06-21 04:35:00;0.019457;0.015000;513.483697
2019-06-21 04:40:00;0.024248;0.015000;513.492945
2019-06-21 04:45:00;0.024734;0.015000;513.502678
2019-06-21 04:50:00;0.024355;0.015000;513.512033
2019-06-21 04:55:00;0.028006;0.015000;513.525039
2019-06-21 05:00:00;0.029700;0.015000;513.539739
2019-06-21 05:05:00;0.030003;0.015000;513.554743
2019-06-21 05:10:00;0.034587;0.015000;513.574330
2019-06-21 05:15:00;0.038515;0.015000;513.597844
2019-06-21 05:20:00;0.042832;0.015000;513.625677
2019-06-21 05:25:00;0.046999;0.015000;513.657675
2019-06-21 05:30:00;0.046215;0.015000;513.688890
2019-06-21 05:35:00;0.045818;0.015000;513.719708
2019-06-21 05:40:00;0.043402;0.015000;513.748111
2019-06-21 05:45:00;0.040850;0.015000;513.773961
2019-06-21 05:50:00;0.040141;0.015000;513.799102
2019-06-21 05:55:00;0.042090;0.015000;513.826192
2019-06-21 06:00:00;0.036673;0.015000;513.847865
2019-06-21 06:05:00;0.032013;0.015000;513.864878
2019-06-21 06:10:00;0.033275;0.015000;513.883154
2019-06-21 06:15:00;0.033884;0.015000;513.902038
2019-06-21 06:20:00;0.039667;0.015000;513.926704
2019-06-21 06:25:00;0.048967;0.015000;513.960672
2019-06-21 06:30:00;0.053894;0.015000;513.999566
2019-06-21 06:35:00;0.055827;0.015000;514.040393
2019-06-21 06:40:00;0.056223;0.015000;514.081616
2019-06-21 06:45:00;0.055417;0.015000;514.122033
2019-06-21 06:50:00;0.054139;0.015000;514.161171
2019-06-21 06:55:00;0.048979;0.015000;514.195151
2019-06-21 07:00:00;0.050623;0.015000;514.230774
2019-06-21 07:05:00;0.047668;0.015000;514.263442
2019-06-21 07:10:00;0.048139;0.015000;514.296580
2019-06-21 07:15:00;0.051287;0.015000;514.332867
2019-06-21 07:20:00;0.052793;0.015000;514.370661
2019-06-21 07:25:00;0.056170;0.015000;514.411831
2019-06-21 07:30:00;0.062463;0.015000;514.459294
2019-06-21 07:35:00;0.064146;0.015000;514.508439
2019-06-21 07:40:00;0.066606;0.015000;514.560045
2019-06-21 07:45:00;0.072539;0.015000;514.617584
2019-06-21 07:50:00;0.069983;0.015000;514.672567
2019-06-21 07:55:00;0.075087;0.015000;514.732655
2019-06-21 08:00:00;0.068778;0.015000;514.786433
2019-06-21 08:05:00;0.064650;0.015000;514.836083
2019-06-21 08:10:00;0.063074;0.015000;514.884157
2019-06-21 08:15:00;0.064752;0.015000;514.933909
2019-06-21 08:20:00;0.080651;0.015000;514.999560
2019-06-21 08:25:00;0.081566;0.015000;515.066125
2019-06-21 08:30:00;0.078065;0.015000;515.129191
2019-06-21 08:35:00;0.087999;0.015000;515.202190
2019-06-21 08:40:00;0.094204;0.015000;515.281394
2019-06-21 08:45:00;0.090258;0.015000;515.356652
2019-06-21 08:50:00;0.095991;0.015000;515.437643
2019-06-21 08:55:00;0.075562;0.015000;515.498205
2019-06-21 09:00:00;0.073048;0.015000;515.556253
2019-06-21 09:05:00;0.082494;0.015000;515.623746
2019-06-21 09:10:00;0.081532;0.015000;515.690278
2019-06-21 09:15:00;0.075672;0.015000;515.750950
2019-06-21 09:20:00;0.067741;0.015000;515.803691
2019-06-21 09:25:00;0.063044;0.015000;515.851735
2019-06-21 09:30:00;0.057249;0.015000;515.893984
2019-06-21 09:35:00;0.059427;0.015000;515.938410
2019-06-21 09:40:00;0.057377;0.015000;515.980787
2019-06-21 09:45:00;0.052615;0.015000;516.018402
2019-06-21 09:50:00;0.051107;0.015000;516.054510
2019-06-21 09:55:00;0.046388;0.015000;516.085897
2019-06-21 10:00:00;0.056956;0.015000;516.127854
2019-06-21 10:05:00;0.061045;0.015000;516.173899
2019-06-21 10:10:00;0.067727;0.015000;516.226626
2019-06-21 10:15:00;0.070666;0.015000;516.282293
2019-06-21 10:20:00;0.075676;0.015000;516.342968
2019-06-21 10:25:00;0.074049;0.015000;516.402017
2019-06-21 10:30:00;0.069181;0.015000;516.456197
2019-06-21 10:35:00;0.066208;0.015000;516.507405
2019-06-21 10:40:00;0.060668;0.015000;516.553074
2019-06-21 10:45:00;0.053385;0.015000;516.591459
2019-06-21 10:50:00;0.059847;0.015000;516.636306
2019-06-21 10:55:00;0.068672;0.015000;516.689978
2019-06-21 11:00:00;0.073158;0.015000;516.748135
2019-06-21 11:05:00;0.068684;0.015000;516.801820
2019-06-21 11:10:00;0.060431;0.015000;516.847251
2019-06-21 11:15:00;0.055207;0.015000;516.887458
2019-06-21 11:20:00;0.054310;0.015000;516.926768
2019-06-21 11:25:00;0.054926;0.015000;516.966695
2019-06-21 11:30:00;0.054181;0.015000;517.005875
2019-06-21 11:35:00;0.055680;0.015000;517.046555
2019-06-21 11:40:00;0.063084;0.015000;517.094638
2019-06-21 11:45:00;0.068255;0.015000;517.147894
2019-06-21 11:50:00;0.079699;0.015000;517.212593
2019-06-21 11:55:00;0.091571;0.015000;517.289164
2019-06-21 12:00:00;0.090241;0.015000;517.364405
2019-06-21 12:05:00;0.095463;0.015000;517.444868
2019-06-21 12:10:00;0.105161;0.015000;517.535029
2019-06-21 12:15:00;0.115863;0.015000;517.635892
2019-06-21 12:20:00;0.112113;0.015000;517.733005
2019-06-21 12:25:00;0.117297;0.015000;517.835302
2019-06-21 12:30:00;0.126794;0.015000;517.947096
2019-06-21 12:35:00;0.132785;0.015000;518.064880
2019-06-21 12:40:00;0.127547;0.015000;518.177427
2019-06-21 12:45:00;0.102448;0.015000;518.264875
2019-06-21 12:50:00;0.096903;0.015000;518.346778
2019-06-21 12:55:00;0.090518;0.015000;518.422296
2019-06-21 13:00:00;0.082872;0.015000;518.490168
2019-06-21 13:05:00;0.077326;0.015000;518.552494
2019-06-21 13:10:00;0.080007;0.015000;518.617502
2019-06-21 13:15:00;0.079430;0.015000;518.681931
2019-06-21 13:20:00;0.081850;0.015000;518.748782
2019-06-21 13:25:00;0.086575;0.015000;518.820357
2019-06-21 13:30:00;0.094119;0.015000;518.899476
2019-06-21 13:35:00;0.067656;0.015000;518.952132
2019-06-21 13:40:00;0.035496;0.015000;518.972628
2019-06-21 13:45:00;0.038601;0.015000;518.996228
2019-06-21 13:50:00;0.043198;0.015000;519.024426
2019-06-21 13:55:00;0.039719;0.015000;519.049145
2019-06-21 14:00:00;0.037199;0.015000;519.071344
2019-06-21 14:05:00;0.034268;0.015000;519.090612
2019-06-21 14:10:00;0.037770;0.015000;519.113382
2019-06-21 14:15:00;0.039102;0.015000;519.137484
2019-06-21 14:20:00;0.037400;0.015000;519.159884
2019-06-21 14:25:00;0.031437;0.015000;519.176321
2019-06-21 14:30:00;0.029773;0.015000;519.191094
2019-06-21 14:35:00;0.032484;0.015000;519.208578
2019-06-21 14:40:00;0.038222;0.015000;519.231800
2019-06-21 14:45:00;0.043984;0.015000;519.260783
2019-06-21 14:50:00;0.041139;0.015000;519.286923
2019-06-21 14:55:00;0.036641;0.015000;519.308564
2019-06-21 15:00:00;0.033557;0.015000;519.327121
2019-06-21 15:05:00;0.034616;0.015000;519.346737
2019-06-21 15:10:00;0.034487;0.015000;519.366224
2019-06-21 15:15:00;0.056627;0.015000;519.407851
2019-06-21 15:20:00;0.056841;0.015000;519.449692
2019-06-21 15:25:00;0.048443;0.015000;519.483135
2019-06-21 15:30:00;0.037982;0.015000;519.506117
2019-06-21 15:35:00;0.032556;0.015000;519.523673
2019-06-21 15:40:00;0.030735;0.015000;519.539408
2019-06-21 15:45:00;0.041341;0.015000;519.565749
2019-06-21 15:50:00;0.051628;0.015000;519.602377
2019-06-21 15:55:00;0.052527;0.015000;519.639905
2019-06-21 16:00:00;0.059176;0.015000;519.684080
2019-06-21 16:05:00;0.069442;0.015000;519.738522
2019-06-21 16:10:00;0.083740;0.015000;519.807261
2019-06-21 16:15:00;0.078887;0.015000;519.871148
2019-06-21 16:20:00;0.069869;0.015000;519.926017
2019-06-21 16:25:00;0.066061;0.015000;519.977078
2019-06-21 16:30:00;0.071318;0.015000;520.033396
2019-06-21 16:35:00;0.073748;0.015000;520.092144
2019-06-21 16:40:00;0.065648;0.015000;520.142792
2019-06-21 16:45:00;0.064215;0.015000;520.192007
2019-06-21 16:50:00;0.059013;0.015000;520.236019
2019-06-21 16:55:00;0.054279;0.015000;520.275298
2019-06-21 17:00:00;0.055376;0.015000;520.315674
2019-06-21 17:05:00;0.057111;0.015000;520.357785
2019-06-21 17:10:00;0.052896;0.015000;520.395680
2019-06-21 17:15:00;0.046859;0.015000;520.427540
2019-06-21 17:20:00;0.041366;0.015000;520.453905
2019-06-21 17:25:00;0.036565;0.015000;520.475470
2019-06-21 17:30:00;0.033059;0.015000;520.493530
2019-06-21 17:35:00;0.030497;0.015000;520.509027
2019-06-21 17:40:00;0.027426;0.015000;520.521453
2019-06-21 17:45:00;0.023830;0.015000;520.530283
2019-06-21 17:50:00;0.020612;0.015000;520.535895
2019-06-21 17:55:00;0.017673;0.015000;520.538568
2019-06-21 18:00:00;0.015129;0.015000;520.538697
2019-06-21 18:05:00;0.012894;0.015000;520.536590
2019-06-21 18:10:00;0.010941;0.015000;520.532532
2019-06-21 18:15:00;0.009404;0.015000;520.526936
2019-06-21 18:20:00;0.008571;0.015000;520.520506
2019-06-21 18:25:00;0.007274;0.015000;520.512780
2019-06-21 18:30:00;0.006210;0.015000;520.503990
2019-06-21 18:35:00;0.005450;0.015000;520.494440
2019-06-21 18:40:00;0.004744;0.015000;520.484184
2019-06-21 18:45:00;0.004306;0.015000;520.473491
2019-06-21 18:50:00;0.003417;0.015000;520.461908
2019-06-21 18:55:00;0.002863;0.015000;520.449771
2019-06-21 19:00:00;0.002044;0.015000;520.436815
2019-06-21 19:05:00;0.001522;0.015000;520.423336
2019-06-21 19:10:00;0.001225;0.015000;520.409561
2019-06-21 19:15:00;0.000924;0.015000;520.395484
2019-06-21 19:20:00;0.000523;0.015000;520.381007
2019-06-21 19:25:00;0.000200;0.015000;520.366208
2019-06-21 19:30:00;0.000026;0.015000;520.351233
2019-06-21 19:35:00;0.000016;0.015000;520.336249
2019-06-21 19:40:00;0.000012;0.015000;520.321261
2019-06-21 19:45:00;0.000007;0.015000;520.306268
2019-06-21 19:50:00;0.000004;0.015000;520.291271
2019-06-21 19:55:00;0.000003;0.015000;520.276275
2019-06-21 20:00:00;0.000003;0.015000;520.261278
2019-06-21 20:05:00;0.000002;0.015000;520.246280
2019-06-21 20:10:00;0.000002;0.015000;520.231282
2019-06-21 20:15:00;0.039590;0.015000;520.255873
2019-06-21 20:20:00;0.084613;0.015000;520.325486
2019-06-21 20:25:00;0.080622;0.015000;520.391108
2019-06-21 20:30:00;0.077362;0.015000;520.453470
2019-06-21 20:35:00;0.076006;0.015000;520.514476
2019-06-21 20:40:00;0.075182;0.015000;520.574658
2019-06-21 20:45:00;0.074849;0.015000;520.634507
2019-06-21 20:50:00;0.074868;0.015000;520.694375
2019-06-21 20:55:00;0.018001;0.015000;520.697376
2019-06-21 21:00:00;0.000002;0.015000;520.682378
2019-06-21 21:05:00;0.000002;0.015000;520.667380
2019-06-21 21:10:00;0.000002;0.015000;520.652383
2019-06-21 21:15:00;0.000002;0.015000;520.637385
2019-06-21 21:20:00;0.000002;0.015000;520.622387
2019-06-21 21:25:00;0.000002;0.015000;520.607389
2019-06-21 21:30:00;0.000002;0.015000;520.592391
2019-06-21 21:35:00;0.000002;0.015000;520.577393
2019-06-21 21:40:00;0.000002;0.015000;520.562395
2019-06-21 21:45:00;0.000002;0.015000;520.547398
2019-06-21 21:50:00;0.000002;0.015000;520.532400
2019-06-21 21:55:00;0.000002;0.015000;520.517402
2019-06-21 22:00:00;0.000002;0.015000;520.502404
2019-06-21 22:05:00;0.000002;0.015000;520.487406
2019-06-21 22:10:00;0.000002;0.015000;520.472408
2019-06-21 22:15:00;0.000002;0.015000;520.457410
2019-06-21 22:20:00;0.000002;0.015000;520.442412
2019-06-21 22:25:00;0.000002;0.015000;520.427414
2019-06-21 22:30:00;0.000002;0.015000;520.412417
2019-06-21 22:35:00;0.000002;0.015000;520.397419
2019-06-21 22:40:00;0.000002;0.015000;520.382421
2019-06-21 22:45:00;0.000002;0.015000;520.367423
2019-06-21 22:50:00;0.000002;0.015000;520.352425
2019-06-21 22:55:00;0.000002;0.015000;520.337427
2019-06-21 23:00:00;0.000002;0.015000;520.322429
2019-06-21 23:05:00;0.000002;0.015000;520.307431
2019-06-21 23:10:00;0.000002;0.015000;520.292433
2019-06-21 23:15:00;0.000002;0.015000;520.277436
2019-06-21 23:20:00;0.000002;0.015000;520.262438
2019-06-21 23:25:00;0.000002;0.015000;520.247440
2019-06-21 23:30:00;0.000002;0.015000;520.232442
2019-06-21 23:35:00;0.000002;0.015000;520.217444
2019-06-21 23:40:00;0.000002;0.015000;520.202446
2019-06-21 23:45:00;0.000002;0.015000;520.187448
2019-06-21 23:50:00;0.000002;0.015000;520.172450
2019-06-21 23:55:00;0.000002;0.015000;520.157452
2019-06-22 00:00:00;0.000002;0.015000;520.142454
2019-06-22 00:05:00;0.000002;0.015000;520.127457
2019-06-22 00:10:00;0.000002;0.015000;520.112459
2019-06-22 00:15:00;0.000002;0.015000;520.097461
2019-06-22 00:20:00;0.000002;0.015000;520.082463
2019-06-22 00:25:00;0.000002;0.015000;520.067465
2019-06-22 00:30:00;0.000002;0.015000;520.052467
2019-06-22 00:35:00;0.000002;0.015000;520.037469
2019-06-22 00:40:00;0.000002;0.015000;520.022471
2019-06-22 00:45:00;0.000002;0.015000;520.007473
2019-06-22 00:50:00;0.000002;0.015000;519.992475
2019-06-22 00:55:00;0.000002;0.015000;519.977477
2019-06-22 01:00:00;0.000002;0.015000;519.962479
2019-06-22 01:05:00;0.000002;0.015000;519.947481
2019-06-22 01:10:00;0.000002;0.015000;519.932484
2019-06-22 01:15:00;0.000002;0.015000;519.917486
2019-06-22 01:20:00;0.000002;0.015000;519.902488
2019-06-22 01:25:00;0.000002;0.015000;519.887490
2019-06-22 01:30:00;0.000002;0.015000;519.872492
2019-06-22 01:35:00;0.000002;0.015000;519.857494
2019-06-22 01:40:00;0.000002;0.015000;519.842496
2019-06-22 01:45:00;0.000002;0.015000;519.827498
2019-06-22 01:50:00;0.000002;0.015000;519.812500
2019-06-22 01:55:00;0.000002;0.015000;519.797502
2019-06-22 02:00:00;0.000002;0.015000;519.782505
2019-06-22 02:05:00;0.000002;0.015000;519.767507
2019-06-22 02:10:00;0.000002;0.015000;519.752509
2019-06-22 02:15:00;0.000002;0.015000;519.737511
2019-06-22 02:20:00;0.000002;0.015000;519.722513
2019-06-22 02:25:00;0.000002;0.015000;519.707515
2019-06-22 02:30:00;0.000002;0.015000;519.692517
2019-06-22 02:35:00;0.000002;0.015000;519.677519
2019-06-22 02:40:00;0.000002;0.015000;519.662521
2019-06-22 02:45:00;0.000002;0.015000;519.647524
2019-06-22 02:50:00;0.000002;0.015000;519.632526
2019-06-22 02:55:00;0.000002;0.015000;519.617528
2019-06-22 03:00:00;0.000003;0.015000;519.602531
2019-06-22 03:05:00;0.000003;0.015000;519.587535
2019-06-22 03:10:00;0.000004;0.015000;519.572538
2019-06-22 03:15:00;0.000005;0.015000;519.557543
2019-06-22 03:20:00;0.000008;0.015000;519.542551
2019-06-22 03:25:00;0.000012;0.015000;519.527563
2019-06-22 03:30:00;0.000018;0.015000;519.512581
2019-06-22 03:35:00;0.000032;0.015000;519.497612
2019-06-22 03:40:00;0.000048;0.015000;519.482660
2019-06-22 03:45:00;0.000235;0.015000;519.467895
2019-06-22 03:50:00;0.000634;0.015000;519.453529
2019-06-22 03:55:00;0.001035;0.015000;519.439564
2019-06-22 04:00:00;0.001563;0.015000;519.426127
2019-06-22 04:05:00;0.002057;0.015000;519.413185
2019-06-22 04:10:00;0.002717;0.015000;519.400902
2019-06-22 04:15:00;0.004066;0.015000;519.389968
2019-06-22 04:20:00;0.005712;0.015000;519.380679
2019-06-22 04:25:00;0.006593;0.015000;519.372272
2019-06-22 04:30:00;0.006914;0.015000;519.364186
2019-06-22 04:35:00;0.007179;0.015000;519.356365
2019-06-22 04:40:00;0.007461;0.015000;519.348825
2019-06-22 04:45:00;0.006793;0.015000;519.340619
2019-06-22 04:50:00;0.006680;0.015000;519.332299
2019-06-22 04:55:00;0.007491;0.015000;519.324790
2019-06-22 05:00:00;0.009931;0.015000;519.319721
2019-06-22 05:05:00;0.012596;0.015000;519.317317
2019-06-22 05:10:00;0.014444;0.015000;519.316761
2019-06-22 05:15:00;0.017407;0.015000;519.319168
2019-06-22 05:20:00;0.016472;0.015000;519.320640
2019-06-22 05:25:00;0.016283;0.015000;519.321923
2019-06-22 05:30:00;0.017990;0.015000;519.324913
2019-06-22 05:35:00;0.016196;0.015000;519.326109
2019-06-22 05:40:00;0.015376;0.015000;519.326485
2019-06-22 05:45:00;0.016468;0.015000;519.327953
2019-06-22 05:50:00;0.015691;0.015000;519.328644
2019-06-22 05:55:00;0.015210;0.015000;519.328854
2019-06-22 06:00:00;0.016215;0.015000;519.330069
2019-06-22 06:05:00;0.019567;0.015000;519.334636
2019-06-22 06:10:00;0.022613;0.015000;519.342249
2019-06-22 06:15:00;0.022942;0.015000;519.350190
2019-06-22 06:20:00;0.022970;0.015000;519.358161
2019-06-22 06:25:00;0.023074;0.015000;519.366234
2019-06-22 06:30:00;0.022779;0.015000;519.374013
2019-06-22 06:35:00;0.021921;0.015000;519.380934
2019-06-22 06:40:00;0.021763;0.015000;519.387697
2019-06-22 06:45:00;0.023930;0.015000;519.396627
2019-06-22 06:50:00;0.027216;0.015000;519.408842
2019-06-22 06:55:00;0.030981;0.015000;519.424823
2019-06-22 07:00:00;0.030614;0.015000;519.440437
2019-06-22 07:05:00;0.027310;0.015000;519.452747
2019-06-22 07:10:00;0.027726;0.015000;519.465473
2019-06-22 07:15:00;0.028844;0.015000;519.479316
2019-06-22 07:20:00;0.029305;0.015000;519.493621
2019-06-22 07:25:00;0.029628;0.015000;519.508249
2019-06-22 07:30:00;0.026404;0.015000;519.519653
2019-06-22 07:35:00;0.026714;0.015000;519.531367
2019-06-22 07:40:00;0.027002;0.015000;519.543369
2019-06-22 07:45:00;0.024055;0.015000;519.552424
2019-06-22 07:50:00;0.022941;0.015000;519.560365
2019-06-22 07:55:00;0.020446;0.015000;519.565811
2019-06-22 08:00:00;0.017731;0.015000;519.568542
2019-06-22 08:05:00;0.017318;0.015000;519.570860
2019-06-22 08:10:00;0.016765;0.015000;519.572625
2019-06-22 08:15:00;0.016848;0.015000;519.574472
2019-06-22 08:20:00;0.017890;0.015000;519.577362
2019-06-22 08:25:00;0.019700;0.015000;519.582062
2019-06-22 08:30:00;0.020744;0.015000;519.587806
2019-06-22 08:35:00;0.019466;0.015000;519.592273
2019-06-22 08:40:00;0.016791;0.015000;519.594063
2019-06-22 08:45:00;0.016231;0.015000;519.595295
2019-06-22 08:50:00;0.017127;0.015000;519.597421
2019-06-22 08:55:00;0.019184;0.015000;519.601605
2019-06-22 09:00:00;0.023535;0.015000;519.610140
2019-06-22 09:05:00;0.025246;0.015000;519.620385
2019-06-22 09:10:00;0.024146;0.015000;519.629531
2019-06-22 09:15:00;0.021120;0.015000;519.635651
2019-06-22 09:20:00;0.016794;0.015000;519.637445
2019-06-22 09:25:00;0.014961;0.015000;519.637406
2019-06-22 09:30:00;0.014103;0.015000;519.636509
2019-06-22 09:35:00;0.013840;0.015000;519.635348
2019-06-22 09:40:00;0.014459;0.015000;519.634807
2019-06-22 09:45:00;0.016987;0.015000;519.636795
2019-06-22 09:50:00;0.018639;0.015000;519.640433
2019-06-22 09:55:00;0.020125;0.015000;519.645558
2019-06-22 10:00:00;0.022704;0.015000;519.653262
2019-06-22 10:05:00;0.024723;0.015000;519.662984
2019-06-22 10:10:00;0.026159;0.015000;519.674144
2019-06-22 10:15:00;0.027593;0.015000;519.686737
2019-06-22 10:20:00;0.028807;0.015000;519.700544
2019-06-22 10:25:00;0.026897;0.015000;519.712441
2019-06-22 10:30:00;0.027147;0.015000;519.724588
2019-06-22 10:35:00;0.027140;0.015000;519.736727
2019-06-22 10:40:00;0.026703;0.015000;519.748430
2019-06-22 10:45:00;0.028008;0.015000;519.761438
2019-06-22 10:50:00;0.028252;0.015000;519.774690
2019-06-22 10:55:00;0.027139;0.015000;519.786829
2019-06-22 11:00:00;0.026991;0.015000;519.798820
2019-06-22 11:05:00;0.028864;0.015000;519.812683
2019-06-22 11:10:00;0.027774;0.015000;519.825457
2019-06-22 11:15:00;0.028385;0.015000;519.838842
2019-06-22 11:20:00;0.026896;0.015000;519.850738
2019-06-22 11:25:00;0.030308;0.015000;519.866046
2019-06-22 11:30:00;0.032725;0.015000;519.883772
2019-06-22 11:35:00;0.034333;0.015000;519.903105
2019-06-22 11:40:00;0.035632;0.015000;519.923737
2019-06-22 11:45:00;0.037126;0.015000;519.945863
2019-06-22 11:50:00;0.035723;0.015000;519.966587
2019-06-22 11:55:00;0.033881;0.015000;519.985467
2019-06-22 12:00:00;0.035837;0.015000;520.006305
2019-06-22 12:05:00;0.038447;0.015000;520.029752
2019-06-22 12:10:00;0.042471;0.015000;520.057223
2019-06-22 12:15:00;0.047353;0.015000;520.089576
2019-06-22 12:20:00;0.053285;0.015000;520.127861
2019-06-22 12:25:00;0.057745;0.015000;520.170606
2019-06-22 12:30:00;0.060379;0.015000;520.215986
2019-06-22 12:35:00;0.066504;0.015000;520.267489
2019-06-22 12:40:00;0.075419;0.015000;520.327909
2019-06-22 12:45:00;0.084891;0.015000;520.397800
2019-06-22 12:50:00;0.093644;0.015000;520.476443
2019-06-22 12:55:00;0.099916;0.015000;520.561359
2019-06-22 13:00:00;0.099196;0.015000;520.645556
2019-06-22 13:05:00;0.100010;0.015000;520.730566
2019-06-22 13:10:00;0.102534;0.015000;520.818099
2019-06-22 13:15:00;0.095296;0.015000;520.898395
2019-06-22 13:20:00;0.085083;0.015000;520.968478
2019-06-22 13:25:00;0.067619;0.015000;521.021097
2019-06-22 13:30:00;0.063781;0.015000;521.069878
2019-06-22 13:35:00;0.066198;0.015000;521.121076
2019-06-22 13:40:00;0.080749;0.015000;521.186825
2019-06-22 13:45:00;0.083830;0.015000;521.255655
2019-06-22 13:50:00;0.088534;0.015000;521.329189
2019-06-22 13:55:00;0.095842;0.015000;521.410030
2019-06-22 14:00:00;0.096136;0.015000;521.491166
2019-06-22 14:05:00;0.101673;0.015000;521.577839
2019-06-22 14:10:00;0.103597;0.015000;521.666436
2019-06-22 14:15:00;0.108810;0.015000;521.760247
2019-06-22 14:20:00;0.111531;0.015000;521.856777
2019-06-22 14:25:00;0.124004;0.015000;521.965782
2019-06-22 14:30:00;0.116785;0.015000;522.067567
2019-06-22 14:35:00;0.098622;0.015000;522.151189
2019-06-22 14:40:00;0.094485;0.015000;522.230674
2019-06-22 14:45:00;0.106577;0.015000;522.322252
2019-06-22 14:50:00;0.114787;0.015000;522.422039
2019-06-22 14:55:00;0.123408;0.015000;522.530447
2019-06-22 15:00:00;0.127889;0.015000;522.643335
2019-06-22 15:05:00;0.114852;0.015000;522.743187
2019-06-22 15:10:00;0.112112;0.015000;522.840299
2019-06-22 15:15:00;0.110780;0.015000;522.936079
2019-06-22 15:20:00;0.117192;0.015000;523.038271
2019-06-22 15:25:00;0.121763;0.015000;523.145034
2019-06-22 15:30:00;0.094061;0.015000;523.224094
2019-06-22 15:35:00;0.089414;0.015000;523.298509
2019-06-22 15:40:00;0.088616;0.015000;523.372125
2019-06-22 15:45:00;0.090291;0.015000;523.447415
2019-06-22 15:50:00;0.079254;0.015000;523.511669
2019-06-22 15:55:00;0.085192;0.015000;523.581861
2019-06-22 16:00:00;0.082283;0.015000;523.649144
2019-06-22 16:05:00;0.064687;0.015000;523.698831
2019-06-22 16:10:00;0.068172;0.015000;523.752003
2019-06-22 16:15:00;0.071977;0.015000;523.808979
2019-06-22 16:20:00;0.067465;0.015000;523.861444
2019-06-22 16:25:00;0.074327;0.015000;523.920771
2019-06-22 16:30:00;0.117710;0.015000;524.023481
2019-06-22 16:35:00;0.124074;0.015000;524.132556
2019-06-22 16:40:00;0.097263;0.015000;524.214819
2019-06-22 16:45:00;0.066876;0.015000;524.266694
2019-06-22 16:50:00;0.051802;0.015000;524.303496
2019-06-22 16:55:00;0.039038;0.015000;524.327535
2019-06-22 17:00:00;0.040291;0.015000;524.352826
2019-06-22 17:05:00;0.052066;0.015000;524.389891
2019-06-22 17:10:00;0.052334;0.015000;524.427226
2019-06-22 17:15:00;0.042271;0.015000;524.454496
2019-06-22 17:20:00;0.036109;0.015000;524.475606
2019-06-22 17:25:00;0.036325;0.015000;524.496931
2019-06-22 17:30:00;0.035803;0.015000;524.517734
2019-06-22 17:35:00;0.022863;0.015000;524.525597
2019-06-22 17:40:00;0.017675;0.015000;524.528272
2019-06-22 17:45:00;0.018790;0.015000;524.532062
2019-06-22 17:50:00;0.016730;0.015000;524.533792
2019-06-22 17:55:00;0.010219;0.015000;524.529011
2019-06-22 18:00:00;0.007550;0.015000;524.521561
2019-06-22 18:05:00;0.006215;0.015000;524.512776
2019-06-22 18:10:00;0.006971;0.015000;524.504747
2019-06-22 18:15:00;0.008741;0.015000;524.498488
2019-06-22 18:20:00;0.008535;0.015000;524.492023
2019-06-22 18:25:00;0.008306;0.015000;524.485329
2019-06-22 18:30:00;0.007133;0.015000;524.477462
2019-06-22 18:35:00;0.005746;0.015000;524.468208
2019-06-22 18:40:00;0.004922;0.015000;524.458130
2019-06-22 18:45:00;0.003355;0.015000;524.446485
2019-06-22 18:50:00;0.001692;0.015000;524.433178
2019-06-22 18:55:00;0.000798;0.015000;524.418975
2019-06-22 19:00:00;0.000751;0.015000;524.404726
2019-06-22 19:05:00;0.000578;0.015000;524.390304
2019-06-22 19:10:00;0.000269;0.015000;524.375573
2019-06-22 19:15:00;0.000147;0.015000;524.360720
2019-06-22 19:20:00;0.000033;0.015000;524.345752
2019-06-22 19:25:00;0.000016;0.015000;524.330768
2019-06-22 19:30:00;0.000014;0.015000;524.315782
2019-06-22 19:35:00;0.000014;0.015000;524.300797
2019-06-22 19:40:00;0.000010;0.015000;524.285806
2019-06-22 19:45:00;0.000006;0.015000;524.270812
2019-06-22 19:50:00;0.000003;0.015000;524.255815
2019-06-22 19:55:00;0.000004;0.015000;524.240819
2019-06-22 20:00:00;0.000003;0.015000;524.225822
2019-06-22 20:05:00;0.000003;0.015000;524.210825
2019-06-22 20:10:00;0.000003;0.015000;524.195827
2019-06-22 20:15:00;0.000002;0.015000;524.180830
2019-06-22 20:20:00;0.000002;0.015000;524.165832
2019-06-22 20:25:00;0.000002;0.015000;524.150834
2019-06-22 20:30:00;0.000002;0.015000;524.135836
2019-06-22 20:35:00;0.000002;0.015000;524.120838
2019-06-22 20:40:00;0.000002;0.015000;524.105841
2019-06-22 20:45:00;0.000002;0.015000;524.090843
2019-06-22 20:50:00;0.000002;0.015000;524.075845
2019-06-22 20:55:00;0.000002;0.015000;524.060847
2019-06-22 21:00:00;0.000002;0.015000;524.045849
2019-06-22 21:05:00;0.000002;0.015000;524.030851
2019-06-22 21:10:00;0.000002;0.015000;524.015853
2019-06-22 21:15:00;0.000002;0.015000;524.000856
2019-06-22 21:20:00;0.000002;0.015000;523.985858
2019-06-22 21:25:00;0.000002;0.015000;523.970860
2019-06-22 21:30:00;0.000002;0.015000;523.955862
2019-06-22 21:35:00;0.000002;0.015000;523.940864
2019-06-22 21:40:00;0.000002;0.015000;523.925866
2019-06-22 21:45:00;0.000002;0.015000;523.910868
2019-06-22 21:50:00;0.000002;0.015000;523.895871
2019-06-22 21:55:00;0.000002;0.015000;523.880873
2019-06-22 22:00:00;0.000002;0.015000;523.865875
2019-06-22 22:05:00;0.000002;0.015000;523.850877
2019-06-22 22:10:00;0.000002;0.015000;523.835879
2019-06-22 22:15:00;0.000002;0.015000;523.820881
2019-06-22 22:20:00;0.000002;0.015000;523.805884
2019-06-22 22:25:00;0.000002;0.015000;523.790886
2019-06-22 22:30:00;0.000002;0.015000;523.775888
2019-06-22 22:35:00;0.000002;0.015000;523.760890
2019-06-22 22:40:00;0.000002;0.015000;523.745892
2019-06-22 22:45:00;0.000002;0.015000;523.730894
2019-06-22 22:50:00;0.000002;0.015000;523.715896
2019-06-22 22:55:00;0.000002;0.015000;523.700899
2019-06-22 23:00:00;0.000002;0.015000;523.685901
2019-06-22 23:05:00;0.000002;0.015000;523.670903
2019-06-22 23:10:00;0.000002;0.015000;523.655905
2019-06-22 23:15:00;0.000002;0.015000;523.640907
2019-06-22 23:20:00;0.000002;0.015000;523.625909
2019-06-22 23:25:00;0.000002;0.015000;523.610911
2019-06-22 23:30:00;0.000002;0.015000;523.595914
2019-06-22 23:35:00;0.000002;0.015000;523.580916
2019-06-22 23:40:00;0.000002;0.015000;523.565918
2019-06-22 23:45:00;0.000002;0.015000;523.550920
2019-06-22 23:50:00;0.000002;0.015000;523.535922
2019-06-22 23:55:00;0.000002;0.015000;523.520924
2019-06-23 00:00:00;0.000002;0.015000;523.505927
2019-06-23 00:05:00;0.000002;0.015000;523.490929
2019-06-23 00:10:00;0.000002;0.015000;523.475931
2019-06-23 00:15:00;0.000002;0.015000;523.460933
2019-06-23 00:20:00;0.000002;0.015000;523.445935
2019-06-23 00:25:00;0.000002;0.015000;523.430937
2019-06-23 00:30:00;0.000002;0.015000;523.415939
2019-06-23 00:35:00;0.000002;0.015000;523.400941
2019-06-23 00:40:00;0.000002;0.015000;523.385944
2019-06-23 00:45:00;0.000002;0.015000;523.370946
2019-06-23 00:50:00;0.000002;0.015000;523.355948
2019-06-23 00:55:00;0.000002;0.015000;523.340950
2019-06-23 01:00:00;0.000002;0.015000;523.325952
2019-06-23 01:05:00;0.000002;0.015000;523.310954
2019-06-23 01:10:00;0.000002;0.015000;523.295956
2019-06-23 01:15:00;0.000002;0.015000;523.280958
2019-06-23 01:20:00;0.000002;0.015000;523.265960
2019-06-23 01:25:00;0.000002;0.015000;523.250963
2019-06-23 01:30:00;0.000002;0.015000;523.235965
2019-06-23 01:35:00;0.000002;0.015000;523.220967
2019-06-23 01:40:00;0.000002;0.015000;523.205969
2019-06-23 01:45:00;0.000002;0.015000;523.190971
2019-06-23 01:50:00;0.000002;0.015000;523.175973
2019-06-23 01:55:00;0.000002;0.015000;523.160975
2019-06-23 02:00:00;0.000002;0.015000;523.145977
2019-06-23 02:05:00;0.000002;0.015000;523.130980
2019-06-23 02:10:00;0.000002;0.015000;523.115982
2019-06-23 02:15:00;0.000002;0.015000;523.100984
2019-06-23 02:20:00;0.000002;0.015000;523.085986
2019-06-23 02:25:00;0.000002;0.015000;523.070988
2019-06-23 02:30:00;0.000002;0.015000;523.055990
2019-06-23 02:35:00;0.000002;0.015000;523.040992
2019-06-23 02:40:00;0.000002;0.015000;523.025994
2019-06-23 02:45:00;0.000002;0.015000;523.010997
2019-06-23 02:50:00;0.000002;0.015000;522.995999
2019-06-23 02:55:00;0.000002;0.015000;522.981001
2019-06-23 03:00:00;0.000003;0.015000;522.966004
2019-06-23 03:05:00;0.000004;0.015000;522.951008
2019-06-23 03:10:00;0.000004;0.015000;522.936012
2019-06-23 03:15:00;0.000006;0.015000;522.921017
2019-06-23 03:20:00;0.000006;0.015000;522.906024
2019-06-23 03:25:00;0.000009;0.015000;522.891033
2019-06-23 03:30:00;0.000014;0.015000;522.876047
2019-06-23 03:35:00;0.000017;0.015000;522.861064
2019-06-23 03:40:00;0.000036;0.015000;522.846100
2019-06-23 03:45:00;0.000049;0.015000;522.831149
2019-06-23 03:50:00;0.000284;0.015000;522.816434
2019-06-23 03:55:00;0.000744;0.015000;522.802177
2019-06-23 04:00:00;0.001462;0.015000;522.788640
2019-06-23 04:05:00;0.002085;0.015000;522.775725
2019-06-23 04:10:00;0.002893;0.015000;522.763618
2019-06-23 04:15:00;0.003855;0.015000;522.752473
2019-06-23 04:20:00;0.004408;0.015000;522.741881
2019-06-23 04:25:00;0.004913;0.015000;522.731794
2019-06-23 04:30:00;0.006680;0.015000;522.723474
2019-06-23 04:35:00;0.009075;0.015000;522.717550
2019-06-23 04:40:00;0.010848;0.015000;522.713397
2019-06-23 04:45:00;0.011984;0.015000;522.710381
2019-06-23 04:50:00;0.012531;0.015000;522.707912
2019-06-23 04:55:00;0.013899;0.015000;522.706811
2019-06-23 05:00:00;0.014560;0.015000;522.706372
2019-06-23 05:05:00;0.015914;0.015000;522.707285
2019-06-23 05:10:00;0.017739;0.015000;522.710024
2019-06-23 05:15:00;0.020849;0.015000;522.715873
2019-06-23 05:20:00;0.023505;0.015000;522.724377
2019-06-23 05:25:00;0.025424;0.015000;522.734802
2019-06-23 05:30:00;0.027655;0.015000;522.747457
2019-06-23 05:35:00;0.027768;0.015000;522.760225
2019-06-23 05:40:00;0.029191;0.015000;522.774415
2019-06-23 05:45:00;0.031149;0.015000;522.790565
2019-06-23 05:50:00;0.035847;0.015000;522.811412
2019-06-23 05:55:00;0.038063;0.015000;522.834475
2019-06-23 06:00:00;0.034874;0.015000;522.854348
2019-06-23 06:05:00;0.036334;0.015000;522.875682
2019-06-23 06:10:00;0.039657;0.015000;522.900339
2019-06-23 06:15:00;0.041140;0.015000;522.926479
2019-06-23 06:20:00;0.043554;0.015000;522.955034
2019-06-23 06:25:00;0.047515;0.015000;522.987549
2019-06-23 06:30:00;0.050967;0.015000;523.023515
2019-06-23 06:35:00;0.052372;0.015000;523.060887
2019-06-23 06:40:00;0.052332;0.015000;523.098219
2019-06-23 06:45:00;0.052886;0.015000;523.136105
2019-06-23 06:50:00;0.056034;0.015000;523.177138
2019-06-23 06:55:00;0.054271;0.015000;523.216409
2019-06-23 07:00:00;0.049981;0.015000;523.251390
2019-06-23 07:05:00;0.051800;0.015000;523.288190
2019-06-23 07:10:00;0.048658;0.015000;523.321848
2019-06-23 07:15:00;0.048343;0.015000;523.355192
2019-06-23 07:20:00;0.050440;0.015000;523.390631
2019-06-23 07:25:00;0.060432;0.015000;523.436063
2019-06-23 07:30:00;0.063557;0.015000;523.484620
2019-06-23 07:35:00;0.064850;0.015000;523.534470
2019-06-23 07:40:00;0.060012;0.015000;523.579483
2019-06-23 07:45:00;0.060358;0.015000;523.624841
2019-06-23 07:50:00;0.060658;0.015000;523.670499
2019-06-23 07:55:00;0.062068;0.015000;523.717567
2019-06-23 08:00:00;0.063302;0.015000;523.765869
2019-06-23 08:05:00;0.064782;0.015000;523.815650
2019-06-23 08:10:00;0.067274;0.015000;523.867924
2019-06-23 08:15:00;0.069800;0.015000;523.922724
2019-06-23 08:20:00;0.072235;0.015000;523.979959
2019-06-23 08:25:00;0.075848;0.015000;524.040806
2019-06-23 08:30:00;0.076807;0.015000;524.102614
2019-06-23 08:35:00;0.074837;0.015000;524.162451
2019-06-23 08:40:00;0.080028;0.015000;524.227479
2019-06-23 08:45:00;0.091394;0.015000;524.303874
2019-06-23 08:50:00;0.087834;0.015000;524.376708
2019-06-23 08:55:00;0.096580;0.015000;524.458288
2019-06-23 09:00:00;0.090599;0.015000;524.533887
2019-06-23 09:05:00;0.090246;0.015000;524.609133
2019-06-23 09:10:00;0.093946;0.015000;524.688078
2019-06-23 09:15:00;0.094370;0.015000;524.767448
2019-06-23 09:20:00;0.088256;0.015000;524.840704
2019-06-23 09:25:00;0.087796;0.015000;524.913500
2019-06-23 09:30:00;0.077473;0.015000;524.975973
2019-06-23 09:35:00;0.073986;0.015000;525.034958
2019-06-23 09:40:00;0.077850;0.015000;525.097808
2019-06-23 09:45:00;0.080857;0.015000;525.163665
2019-06-23 09:50:00;0.072956;0.015000;525.221621
2019-06-23 09:55:00;0.053986;0.015000;525.260607
2019-06-23 10:00:00;0.051036;0.015000;525.296643
2019-06-23 10:05:00;0.051444;0.015000;525.333087
2019-06-23 10:10:00;0.054734;0.015000;525.372821
2019-06-23 10:15:00;0.056163;0.015000;525.413985
2019-06-23 10:20:00;0.050055;0.015000;525.449039
2019-06-23 10:25:00;0.056476;0.015000;525.490516
2019-06-23 10:30:00;0.061896;0.015000;525.537411
2019-06-23 10:35:00;0.065501;0.015000;525.587912
2019-06-23 10:40:00;0.059830;0.015000;525.632742
2019-06-23 10:45:00;0.060583;0.015000;525.678325
2019-06-23 10:50:00;0.064733;0.015000;525.728057
2019-06-23 10:55:00;0.069795;0.015000;525.782852
2019-06-23 11:00:00;0.063949;0.015000;525.831801
2019-06-23 11:05:00;0.058820;0.015000;525.875621
2019-06-23 11:10:00;0.054937;0.015000;525.915558
2019-06-23 11:15:00;0.056327;0.015000;525.956885
2019-06-23 11:20:00;0.055060;0.015000;525.996945
2019-06-23 11:25:00;0.055390;0.015000;526.037335
2019-06-23 11:30:00;0.055557;0.015000;526.077892
2019-06-23 11:35:00;0.060218;0.015000;526.123110
2019-06-23 11:40:00;0.063902;0.015000;526.172012
2019-06-23 11:45:00;0.055303;0.015000;526.212315
2019-06-23 11:50:00;0.053870;0.015000;526.251185
2019-06-23 11:55:00;0.057800;0.015000;526.293985
2019-06-23 12:00:00;0.063176;0.015000;526.342160
2019-06-23 12:05:00;0.067977;0.015000;526.395138
2019-06-23 12:10:00;0.078316;0.015000;526.458453
2019-06-23 12:15:00;0.070470;0.015000;526.513923
2019-06-23 12:20:00;0.079607;0.015000;526.578531
2019-06-23 12:25:00;0.081606;0.015000;526.645137
2019-06-23 12:30:00;0.084111;0.015000;526.714248
2019-06-23 12:35:00;0.061002;0.015000;526.760250
2019-06-23 12:40:00;0.066133;0.015000;526.811383
2019-06-23 12:45:00;0.067397;0.015000;526.863780
2019-06-23 12:50:00;0.071553;0.015000;526.920333
2019-06-23 12:55:00;0.070223;0.015000;526.975556
2019-06-23 13:00:00;0.064338;0.015000;527.024895
2019-06-23 13:05:00;0.043836;0.015000;527.053731
2019-06-23 13:10:00;0.017760;0.015000;527.056491
2019-06-23 13:15:00;0.011193;0.015000;527.052685
2019-06-23 13:20:00;0.013448;0.015000;527.051132
2019-06-23 13:25:00;0.010292;0.015000;527.046424
2019-06-23 13:30:00;0.017414;0.015000;527.048837
2019-06-18 19:25:00;0.001201;0.000000;505.001201
2019-06-18 19:30:00;0.000846;0.000000;505.002047
2019-06-18 19:35:00;0.000352;0.000000;505.002399
2019-06-18 19:40:00;0.000082;0.000000;505.002481
2019-06-18 19:45:00;0.000014;0.000000;505.002495
2019-06-18 19:50:00;0.000008;0.000000;505.002503
2019-06-18 19:55:00;0.000004;0.000000;505.002507
2019-06-18 20:00:00;0.000003;0.000000;505.002511
2019-06-18 20:05:00;0.000003;0.000000;505.002514
2019-06-18 20:10:00;0.000003;0.000000;505.002517
2019-06-18 20:15:00;0.000003;0.000000;505.002519
2019-06-18 20:20:00;0.000002;0.000000;505.002522
2019-06-18 20:25:00;0.000002;0.000000;505.002524
2019-06-18 20:30:00;0.000002;0.000000;505.002526
2019-06-18 20:35:00;0.000002;0.000000;505.002528
2019-06-18 20:40:00;0.000002;0.000000;505.002530
2019-06-18 20:45:00;0.000002;0.000000;505.002533
2019-06-18 20:50:00;0.000002;0.000000;505.002535
2019-06-18 20:55:00;0.000002;0.000000;505.002537
2019-06-18 21:00:00;0.000002;0.000000;505.002539
2019-06-18 21:05:00;0.000002;0.000000;505.002541
2019-06-18 21:10:00;0.000002;0.000000;505.002544
2019-06-18 21:15:00;0.000002;0.000000;505.002546
2019-06-18 21:20:00;0.000002;0.000000;505.002548
2019-06-18 21:25:00;0.000002;0.000000;505.002550
2019-06-18 21:30:00;0.000002;0.000000;505.002552
2019-06-18 21:35:00;0.000002;0.000000;505.002554
2019-06-18 21:40:00;0.000002;0.000000;505.002557
2019-06-18 21:45:00;0.000002;0.000000;505.002559
2019-06-18 21:50:00;0.000002;0.000000;505.002561
2019-06-18 21:55:00;0.000002;0.000000;505.002563
2019-06-18 22:00:00;0.000002;0.000000;505.002566
2019-06-18 22:05:00;0.000002;0.000000;505.002568
2019-06-18 22:10:00;0.000002;0.000000;505.002570
2019-06-18 22:15:00;0.000002;0.000000;505.002572
2019-06-18 22:20:00;0.000002;0.000000;505.002574
2019-06-18 22:25:00;0.000002;0.000000;505.002576
2019-06-18 22:30:00;0.000002;0.000000;505.002579
2019-06-18 22:35:00;0.000002;0.000000;505.002581
2019-06-18 22:40:00;0.000002;0.000000;505.002583
2019-06-18 22:45:00;0.000002;0.000000;505.002585
2019-06-18 22:50:00;0.000002;0.000000;505.002587
2019-06-18 22:55:00;0.000002;0.000000;505.002589
2019-06-18 23:00:00;0.000002;0.000000;505.002592
2019-06-18 23:05:00;0.000002;0.000000;505.002594
2019-06-18 23:10:00;0.000002;0.000000;505.002596
2019-06-18 23:15:00;0.000002;0.000000;505.002598
2019-06-18 23:20:00;0.000002;0.000000;505.002600
2019-06-18 23:25:00;0.000002;0.000000;505.002602
2019-06-18 23:30:00;0.000002;0.000000;505.002604
2019-06-18 23:35:00;0.000002;0.000000;505.002607
2019-06-18 23:40:00;0.000002;0.000000;505.002609
2019-06-18 23:45:00;0.000002;0.000000;505.002611
2019-06-18 23:50:00;0.000002;0.000000;505.002613
2019-06-18 23:55:00;0.000002;0.000000;505.002615
2019-06-19 00:00:00;0.000002;0.000000;505.002617
2019-06-19 00:05:00;0.000002;0.000000;505.002619
2019-06-19 00:10:00;0.000002;0.000000;505.002621
2019-06-19 00:15:00;0.000002;0.000000;505.002624
