ticks;energyInput;energyConsumed;energyInBuffer;energyAllocated;currentlyPlaying;currentTotalBenefit
0;0.000000;0.000000;510.000000;0.000000;0;0.000000;
5;0.000000;0.000000;510.000000;0.000000;0;0.000000;
10;0.000000;0.000000;510.000000;0.000000;0;0.000000;
15;0.000000;0.000000;510.000000;0.000000;0;0.000000;
20;0.000000;0.000000;510.000000;0.000000;0;0.000000;
25;0.000000;0.000000;510.000000;0.000000;0;0.000000;
30;0.000000;0.000000;510.000000;0.000000;0;0.000000;
35;0.000000;0.000000;510.000000;9.000000;1;0.100000;gr_sensing_SM_con03,
40;0.000000;0.300000;509.700000;9.000000;1;0.100000;gr_sensing_SM_con03,
45;0.000000;0.300000;509.400000;9.000000;1;0.100000;gr_sensing_SM_con03,
50;0.000000;0.300000;509.100000;9.000000;1;0.100000;gr_sensing_SM_con03,
55;0.000000;0.300000;508.800000;9.000000;1;0.100000;gr_sensing_SM_con03,
59;0.000000;0.300000;508.500000;9.000000;1;0.100000;gr_sensing_SM_con03,
64;0.000000;0.300000;508.200000;9.000000;1;0.100000;gr_sensing_SM_con03,
69;0.000000;0.300000;507.900000;9.000000;1;0.100000;gr_sensing_SM_con03,
74;0.000000;0.300000;507.600000;9.000000;1;0.100000;gr_sensing_SM_con03,
79;0.000000;0.300000;507.300000;9.000000;1;0.100000;gr_sensing_SM_con03,
84;0.000000;0.300000;507.000000;9.000000;1;0.100000;gr_sensing_SM_con03,
89;0.000000;0.300000;506.700000;9.000000;1;0.100000;gr_sensing_SM_con03,
94;0.000000;0.300000;506.400000;9.000000;1;0.100000;gr_sensing_SM_con03,
99;0.000000;0.300000;506.100000;9.000000;1;0.100000;gr_sensing_SM_con03,
104;0.000000;0.300000;505.800000;9.000000;1;0.100000;gr_sensing_SM_con03,
110;0.000000;0.300000;505.500000;9.000000;1;0.100000;gr_sensing_SM_con03,
115;0.000000;0.300000;505.200000;0.000000;0;0.000000;
119;0.000000;0.000000;505.200000;0.000000;0;0.000000;
124;0.000000;0.000000;505.200000;0.000000;0;0.000000;
129;0.000000;0.000000;505.200000;0.000000;0;0.000000;
134;0.000000;0.000000;505.200000;0.000000;0;0.000000;
139;0.000000;0.000000;505.200000;0.000000;0;0.000000;
144;0.000000;0.000000;505.200000;0.000000;0;0.000000;
149;0.000000;0.000000;505.200000;0.000000;0;0.000000;
154;0.000000;0.000000;505.200000;0.000000;0;0.000000;
159;0.000000;0.000000;505.200000;0.000000;0;0.000000;
164;0.000000;0.000000;505.200000;0.000000;0;0.000000;
169;0.000000;0.000000;505.200000;0.000000;0;0.000000;
174;0.000000;0.000000;505.200000;0.000000;0;0.000000;
178;0.000000;0.000000;505.200000;0.000000;0;0.000000;
183;0.000000;0.000000;505.200000;0.000000;0;0.000000;
188;0.000000;0.000000;505.200000;0.000000;0;0.000000;
193;0.000000;0.000000;505.200000;0.000000;0;0.000000;
198;0.000000;0.000000;505.200000;0.000000;0;0.000000;
203;0.000000;0.000000;505.200000;0.000000;0;0.000000;
208;0.000000;0.000000;505.200000;0.000000;0;0.000000;
213;0.000000;0.000000;505.200000;0.000000;0;0.000000;
218;0.000000;0.000000;505.200000;0.000000;0;0.000000;
223;0.000000;0.000000;505.200000;0.000000;0;0.000000;
228;0.000000;0.000000;505.200000;0.000000;0;0.000000;
233;0.000000;0.000000;505.200000;0.000000;0;0.000000;
237;0.000000;0.000000;505.200000;0.000000;0;0.000000;
242;0.000000;0.000000;505.200000;0.000000;0;0.000000;
247;0.000000;0.000000;505.200000;0.000000;0;0.000000;
252;0.000000;0.000000;505.200000;0.000000;0;0.000000;
257;0.000000;0.000000;505.200000;0.000000;0;0.000000;
262;0.000000;0.000000;505.200000;0.000000;0;0.000000;
267;0.000000;0.000000;505.200000;0.000000;0;0.000000;
272;0.000000;0.000000;505.200000;0.000000;0;0.000000;
277;0.000000;0.000000;505.200000;0.000000;0;0.000000;
282;0.000000;0.000000;505.200000;0.000000;0;0.000000;
287;0.000000;0.000000;505.200000;0.000000;0;0.000000;
292;0.000000;0.000000;505.200000;0.000000;0;0.000000;
296;0.001000;0.000000;505.201000;0.000000;0;0.000000;
301;0.006000;0.000000;505.207000;0.000000;0;0.000000;
306;0.011000;0.000000;505.218000;0.000000;0;0.000000;
312;0.017000;0.000000;505.235000;0.000000;0;0.000000;
317;0.022000;0.000000;505.257000;0.000000;0;0.000000;
322;0.027000;0.000000;505.284000;0.000000;0;0.000000;
327;0.032000;0.000000;505.316000;0.000000;0;0.000000;
332;0.037000;0.000000;505.353000;0.000000;0;0.000000;
337;0.042000;0.000000;505.395000;0.000000;0;0.000000;
342;0.047000;0.000000;505.442000;0.000000;0;0.000000;
347;0.052000;0.000000;505.494000;0.000000;0;0.000000;
352;0.057000;0.000000;505.551000;0.000000;0;0.000000;
356;0.066359;0.000000;505.617359;0.000000;0;0.000000;
361;0.072726;0.000000;505.690085;0.000000;0;0.000000;
366;0.072291;0.000000;505.762375;0.000000;0;0.000000;
371;0.078014;0.000000;505.840389;0.000000;0;0.000000;
376;0.083305;0.000000;505.923693;0.000000;0;0.000000;
381;0.089006;0.000000;506.012699;0.000000;0;0.000000;
386;0.093192;0.000000;506.105891;0.000000;0;0.000000;
391;0.102956;0.000000;506.208846;0.000000;0;0.000000;
396;0.106559;0.000000;506.315405;0.000000;0;0.000000;
401;0.110685;0.000000;506.426091;0.000000;0;0.000000;
406;0.115582;0.000000;506.541673;0.000000;0;0.000000;
411;0.117339;0.000000;506.659012;0.000000;0;0.000000;
415;0.125032;0.000000;506.784043;0.000000;0;0.000000;
420;0.140032;0.000000;506.924075;0.000000;0;0.000000;
425;0.149199;0.000000;507.073274;0.000000;0;0.000000;
430;0.164327;0.000000;507.237601;0.000000;0;0.000000;
436;0.175153;0.000000;507.412754;0.000000;0;0.000000;
441;0.186950;0.000000;507.599704;0.000000;0;0.000000;
446;0.194392;0.000000;507.794096;0.000000;0;0.000000;
451;0.206521;0.000000;508.000616;0.000000;0;0.000000;
456;0.207134;0.000000;508.207750;0.000000;0;0.000000;
461;0.216602;0.000000;508.424352;0.000000;0;0.000000;
466;0.227531;0.000000;508.651883;0.000000;0;0.000000;
471;0.237408;0.000000;508.889291;0.000000;0;0.000000;
475;0.250949;0.000000;509.140240;0.000000;0;0.000000;
480;0.269972;0.000000;509.410212;0.000000;0;0.000000;
485;0.266900;0.000000;509.677112;0.000000;0;0.000000;
490;0.278918;0.000000;509.956030;0.000000;0;0.000000;
495;0.303492;0.000000;510.259523;0.000000;0;0.000000;
500;0.317814;0.000000;510.577336;0.000000;0;0.000000;
505;0.318624;0.000000;510.895961;4.350000;1;0.168743;gr_sensing_TC_con01,
510;0.333285;0.750000;510.479246;4.350000;1;0.168743;gr_sensing_TC_con01,
515;0.341780;0.750000;510.071026;4.350000;1;0.168743;gr_sensing_TC_con01,
520;0.356419;0.750000;509.677445;4.350000;1;0.168743;gr_sensing_TC_con01,
525;0.366505;0.750000;509.293950;4.350000;1;0.168743;gr_sensing_TC_con01,
530;0.377185;0.750000;508.921135;4.350000;1;0.168743;gr_sensing_TC_con01,
534;0.375000;0.750000;508.546136;0.000000;0;0.000000;
539;0.371796;0.000000;508.917931;0.000000;0;0.000000;
544;0.397036;0.000000;509.314967;0.000000;0;0.000000;
549;0.391694;0.000000;509.706661;0.000000;0;0.000000;
554;0.401634;0.000000;510.108295;0.000000;0;0.000000;
559;0.404497;0.000000;510.512792;0.000000;0;0.000000;
564;0.379335;0.000000;510.892127;0.000000;0;0.000000;
569;0.394545;0.000000;511.286673;0.000000;0;0.000000;
574;0.397997;0.000000;511.684670;0.000000;0;0.000000;
579;0.393213;0.000000;512.077882;0.000000;0;0.000000;
584;0.401889;0.000000;512.479771;0.000000;0;0.000000;
589;0.398653;0.000000;512.878424;0.000000;0;0.000000;
593;0.415582;0.000000;513.294006;0.000000;0;0.000000;
598;0.392361;0.000000;513.686367;0.000000;0;0.000000;
603;0.403653;0.000000;514.090020;0.000000;0;0.000000;
608;0.428996;0.000000;514.519016;0.000000;0;0.000000;
613;0.396682;0.000000;514.915698;0.000000;0;0.000000;
618;0.395043;0.000000;515.310741;0.000000;0;0.000000;
623;0.420976;0.000000;515.731717;0.000000;0;0.000000;
628;0.428247;0.000000;516.159965;0.000000;0;0.000000;
633;0.408546;0.000000;516.568511;0.000000;0;0.000000;
638;0.415113;0.000000;516.983624;0.000000;0;0.000000;
643;0.400230;0.000000;517.383853;0.000000;0;0.000000;
648;0.428337;0.000000;517.812190;0.000000;0;0.000000;
653;0.385965;0.000000;518.198155;0.000000;0;0.000000;
658;0.386863;0.000000;518.585018;0.000000;0;0.000000;
663;0.392895;0.000000;518.977913;0.000000;0;0.000000;
668;0.371054;0.000000;519.348967;0.000000;0;0.000000;
673;0.368100;0.000000;519.717067;0.000000;0;0.000000;
678;0.356348;0.000000;520.073415;0.000000;0;0.000000;
683;0.374423;0.000000;520.447838;0.000000;0;0.000000;
688;0.340168;0.000000;520.788006;0.000000;0;0.000000;
693;0.341378;0.000000;521.129383;0.000000;0;0.000000;
698;0.330390;0.000000;521.459773;0.000000;0;0.000000;
703;0.325304;0.000000;521.785077;0.000000;0;0.000000;
708;0.320182;0.000000;522.105258;0.000000;0;0.000000;
712;0.297899;0.000000;522.403157;0.000000;0;0.000000;
717;0.299092;0.000000;522.702249;0.000000;0;0.000000;
722;0.297974;0.000000;523.000223;0.000000;0;0.000000;
727;0.281756;0.000000;523.281980;0.000000;0;0.000000;
732;0.278939;0.000000;523.560919;0.000000;0;0.000000;
737;0.265736;0.000000;523.826655;0.000000;0;0.000000;
742;0.237735;0.000000;524.064389;0.000000;0;0.000000;
747;0.233650;0.000000;524.298040;0.000000;0;0.000000;
752;0.220776;0.000000;524.518816;0.000000;0;0.000000;
757;0.202573;0.000000;524.721389;0.000000;0;0.000000;
762;0.206670;0.000000;524.928058;0.000000;0;0.000000;
767;0.203724;0.000000;525.131782;0.000000;0;0.000000;
771;0.187494;0.000000;525.319276;0.000000;0;0.000000;
776;0.185505;0.000000;525.504780;0.000000;0;0.000000;
781;0.174070;0.000000;525.678850;0.000000;0;0.000000;
786;0.165466;0.000000;525.844316;0.000000;0;0.000000;
791;0.164839;0.000000;526.009155;0.000000;0;0.000000;
796;0.161040;0.000000;526.170195;0.000000;0;0.000000;
801;0.150488;0.000000;526.320682;0.000000;0;0.000000;
806;0.142924;0.000000;526.463606;0.000000;0;0.000000;
811;0.152424;0.000000;526.616030;0.000000;0;0.000000;
816;0.147515;0.000000;526.763545;0.000000;0;0.000000;
821;0.143108;0.000000;526.906654;0.000000;0;0.000000;
826;0.135229;0.000000;527.041883;0.000000;0;0.000000;
830;0.125424;0.000000;527.167307;0.000000;0;0.000000;
835;0.111922;0.000000;527.279229;0.000000;0;0.000000;
840;0.109556;0.000000;527.388786;0.000000;0;0.000000;
846;0.102022;0.000000;527.490808;0.000000;0;0.000000;
851;0.095610;0.000000;527.586417;0.000000;0;0.000000;
856;0.093941;0.000000;527.680359;0.000000;0;0.000000;
861;0.091441;0.000000;527.771800;0.000000;0;0.000000;
866;0.083442;0.000000;527.855242;0.000000;0;0.000000;
871;0.077318;0.000000;527.932560;0.000000;0;0.000000;
876;0.079234;0.000000;528.011794;0.000000;0;0.000000;
881;0.075100;0.000000;528.086894;0.000000;0;0.000000;
885;0.062337;0.000000;528.149232;0.000000;0;0.000000;
890;0.056048;0.000000;528.205279;0.000000;0;0.000000;
895;0.051800;0.000000;528.257079;0.000000;0;0.000000;
900;0.049634;0.000000;528.306713;0.000000;0;0.000000;
905;0.042381;0.000000;528.349094;0.000000;0;0.000000;
910;0.040237;0.000000;528.389331;0.000000;0;0.000000;
915;0.032201;0.000000;528.421532;0.000000;0;0.000000;
920;0.029159;0.000000;528.450691;0.000000;0;0.000000;
925;0.024538;0.000000;528.475229;0.000000;0;0.000000;
930;0.019143;0.000000;528.494373;0.000000;0;0.000000;
935;0.011952;0.000000;528.506325;0.000000;0;0.000000;
940;0.009824;0.000000;528.516149;0.000000;0;0.000000;
944;0.000000;0.000000;528.516149;0.000000;0;0.000000;
949;0.000000;0.000000;528.516149;0.000000;0;0.000000;
954;0.000000;0.000000;528.516149;0.000000;0;0.000000;
959;0.000000;0.000000;528.516149;0.000000;0;0.000000;
964;0.000000;0.000000;528.516149;0.000000;0;0.000000;
970;0.000000;0.000000;528.516149;0.000000;0;0.000000;
975;0.000000;0.000000;528.516149;0.000000;0;0.000000;
980;0.000000;0.000000;528.516149;0.000000;0;0.000000;
985;0.000000;0.000000;528.516149;0.000000;0;0.000000;
990;0.000000;0.000000;528.516149;0.000000;0;0.000000;
995;0.000000;0.000000;528.516149;0.000000;0;0.000000;
1000;0.000000;0.000000;528.516149;0.000000;0;0.000000;
1004;0.000000;0.000000;528.516149;0.000000;0;0.000000;
1009;0.000000;0.000000;528.516149;0.000000;0;0.000000;
1014;0.000000;0.000000;528.516149;0.000000;0;0.000000;
1019;0.000000;0.000000;528.516149;0.000000;0;0.000000;
1024;0.000000;0.000000;528.516149;0.000000;0;0.000000;
1029;0.000000;0.000000;528.516149;0.000000;0;0.000000;
1034;0.000000;0.000000;528.516149;0.000000;0;0.000000;
1039;0.000000;0.000000;528.516149;0.000000;0;0.000000;
1044;0.000000;0.000000;528.516149;0.000000;0;0.000000;
1049;0.000000;0.000000;528.516149;0.000000;0;0.000000;
1054;0.000000;0.000000;528.516149;0.000000;0;0.000000;
1059;0.000000;0.000000;528.516149;0.000000;0;0.000000;
1063;0.000000;0.000000;528.516149;0.000000;0;0.000000;
1068;0.000000;0.000000;528.516149;0.000000;0;0.000000;
1073;0.000000;0.000000;528.516149;0.000000;0;0.000000;
1078;0.000000;0.000000;528.516149;0.000000;0;0.000000;
1083;0.000000;0.000000;528.516149;0.000000;0;0.000000;
1088;0.000000;0.000000;528.516149;0.000000;0;0.000000;
1093;0.000000;0.000000;528.516149;0.000000;0;0.000000;
1098;0.000000;0.000000;528.516149;0.000000;0;0.000000;
1103;0.000000;0.000000;528.516149;0.000000;0;0.000000;
1108;0.000000;0.000000;528.516149;0.000000;0;0.000000;
1113;0.000000;0.000000;528.516149;0.000000;0;0.000000;
1118;0.000000;0.000000;528.516149;0.000000;0;0.000000;
1122;0.000000;0.000000;528.516149;0.000000;0;0.000000;
1127;0.000000;0.000000;528.516149;0.000000;0;0.000000;
1132;0.000000;0.000000;528.516149;0.000000;0;0.000000;
1138;0.000000;0.000000;528.516149;0.000000;0;0.000000;
1143;0.000000;0.000000;528.516149;0.000000;0;0.000000;
1148;0.000000;0.000000;528.516149;0.000000;0;0.000000;
1153;0.000000;0.000000;528.516149;0.000000;0;0.000000;
1158;0.000000;0.000000;528.516149;0.000000;0;0.000000;
1163;0.000000;0.000000;528.516149;0.000000;0;0.000000;
1168;0.000000;0.000000;528.516149;0.000000;0;0.000000;
1173;0.000000;0.000000;528.516149;0.000000;0;0.000000;
1178;0.000000;0.000000;528.516149;0.000000;0;0.000000;
1182;0.000000;0.000000;528.516149;0.000000;0;0.000000;
1187;0.000000;0.000000;528.516149;0.000000;0;0.000000;
1192;0.000000;0.000000;528.516149;0.000000;0;0.000000;
1197;0.000000;0.000000;528.516149;0.000000;0;0.000000;
1202;0.000000;0.000000;528.516149;0.000000;0;0.000000;
1207;0.000000;0.000000;528.516149;0.000000;0;0.000000;
1212;0.000000;0.000000;528.516149;0.000000;0;0.000000;
1217;0.000000;0.000000;528.516149;0.000000;0;0.000000;
1222;0.000000;0.000000;528.516149;0.000000;0;0.000000;
1227;0.000000;0.000000;528.516149;0.000000;0;0.000000;
1232;0.000000;0.000000;528.516149;0.000000;0;0.000000;
1237;0.000000;0.000000;528.516149;0.000000;0;0.000000;
1241;0.000000;0.000000;528.516149;0.000000;0;0.000000;
1247;0.000000;0.000000;528.516149;0.000000;0;0.000000;
1252;0.000000;0.000000;528.516149;0.000000;0;0.000000;
1257;0.000000;0.000000;528.516149;0.000000;0;0.000000;
1262;0.000000;0.000000;528.516149;0.000000;0;0.000000;
1267;0.000000;0.000000;528.516149;0.000000;0;0.000000;
1272;0.000000;0.000000;528.516149;0.000000;0;0.000000;
1277;0.000000;0.000000;528.516149;0.000000;0;0.000000;
1282;0.000000;0.000000;528.516149;0.000000;0;0.000000;
1287;0.000000;0.000000;528.516149;0.000000;0;0.000000;
1292;0.000000;0.000000;528.516149;0.000000;0;0.000000;
1297;0.000000;0.000000;528.516149;0.000000;0;0.000000;
1301;0.000000;0.000000;528.516149;0.000000;0;0.000000;
1306;0.000000;0.000000;528.516149;0.000000;0;0.000000;
1311;0.000000;0.000000;528.516149;0.000000;0;0.000000;
1316;0.000000;0.000000;528.516149;0.000000;0;0.000000;
1321;0.000000;0.000000;528.516149;0.000000;0;0.000000;
1326;0.000000;0.000000;528.516149;0.000000;0;0.000000;
1331;0.000000;0.000000;528.516149;0.000000;0;0.000000;
1337;0.000000;0.000000;528.516149;0.000000;0;0.000000;
1342;0.000000;0.000000;528.516149;0.000000;0;0.000000;
1347;0.000000;0.000000;528.516149;0.000000;0;0.000000;
1352;0.000000;0.000000;528.516149;0.000000;0;0.000000;
1357;0.000000;0.000000;528.516149;0.000000;0;0.000000;
1361;0.000000;0.000000;528.516149;0.000000;0;0.000000;
1366;0.000000;0.000000;528.516149;0.000000;0;0.000000;
1371;0.000000;0.000000;528.516149;0.000000;0;0.000000;
1375;0.000000;0.000000;528.516149;0.000000;0;0.000000;
1380;0.000000;0.000000;528.516149;0.000000;0;0.000000;
1385;0.000000;0.000000;528.516149;0.000000;0;0.000000;
1390;0.000000;0.000000;528.516149;0.000000;0;0.000000;
1395;0.000000;0.000000;528.516149;0.000000;0;0.000000;
1400;0.000000;0.000000;528.516149;0.000000;0;0.000000;
1405;0.000000;0.000000;528.516149;0.000000;0;0.000000;
1410;0.000000;0.000000;528.516149;0.000000;0;0.000000;
1415;0.000000;0.000000;528.516149;0.000000;0;0.000000;
1419;0.000000;0.000000;528.516149;0.000000;0;0.000000;
1424;0.000000;0.000000;528.516149;0.000000;0;0.000000;
1429;0.000000;0.000000;528.516149;0.000000;0;0.000000;
1434;0.000000;0.000000;528.516149;0.000000;0;0.000000;
1440;0.000000;0.000000;528.516149;0.000000;0;0.000000;
1445;0.000000;0.000000;528.516149;0.000000;0;0.000000;
1450;0.000000;0.000000;528.516149;0.000000;0;0.000000;
1455;0.000000;0.000000;528.516149;0.000000;0;0.000000;
1460;0.000000;0.000000;528.516149;0.000000;0;0.000000;
1465;0.000000;0.000000;528.516149;0.000000;0;0.000000;
1470;0.000000;0.000000;528.516149;0.000000;0;0.000000;
1475;0.000000;0.000000;528.516149;0.000000;0;0.000000;
1479;0.000000;0.000000;528.516149;0.000000;0;0.000000;
1484;0.000000;0.000000;528.516149;0.000000;0;0.000000;
1489;0.000000;0.000000;528.516149;0.000000;0;0.000000;
1494;0.000000;0.000000;528.516149;0.000000;0;0.000000;
1499;0.000000;0.000000;528.516149;0.000000;0;0.000000;
1504;0.000000;0.000000;528.516149;0.000000;0;0.000000;
1509;0.000000;0.000000;528.516149;0.000000;0;0.000000;
1514;0.000000;0.000000;528.516149;0.000000;0;0.000000;
1519;0.000000;0.000000;528.516149;0.000000;0;0.000000;
1524;0.000000;0.000000;528.516149;0.000000;0;0.000000;
1529;0.000000;0.000000;528.516149;0.000000;0;0.000000;
1534;0.000000;0.000000;528.516149;0.000000;0;0.000000;
1538;0.000000;0.000000;528.516149;0.000000;0;0.000000;
1543;0.000000;0.000000;528.516149;0.000000;0;0.000000;
1548;0.000000;0.000000;528.516149;0.000000;0;0.000000;
1553;0.000000;0.000000;528.516149;0.000000;0;0.000000;
1558;0.000000;0.000000;528.516149;0.000000;0;0.000000;
1563;0.000000;0.000000;528.516149;0.000000;0;0.000000;
1568;0.000000;0.000000;528.516149;0.000000;0;0.000000;
1574;0.000000;0.000000;528.516149;0.000000;0;0.000000;
1579;0.000000;0.000000;528.516149;0.000000;0;0.000000;
1584;0.000000;0.000000;528.516149;0.000000;0;0.000000;
1589;0.000000;0.000000;528.516149;0.000000;0;0.000000;
1593;0.000000;0.000000;528.516149;0.000000;0;0.000000;
1598;0.000000;0.000000;528.516149;0.000000;0;0.000000;
1603;0.000000;0.000000;528.516149;0.000000;0;0.000000;
1608;0.000000;0.000000;528.516149;0.000000;0;0.000000;
1613;0.000000;0.000000;528.516149;0.000000;0;0.000000;
1618;0.000000;0.000000;528.516149;4.500000;1;0.342195;gr_sensing_SM_con03,
1623;0.000000;0.300000;528.216149;4.500000;1;0.342195;gr_sensing_SM_con03,
1628;0.000000;0.300000;527.916149;4.500000;1;0.342195;gr_sensing_SM_con03,
1633;0.000000;0.300000;527.616149;4.500000;1;0.342195;gr_sensing_SM_con03,
1638;0.000000;0.300000;527.316149;0.000000;0;0.000000;
1643;0.000000;0.000000;527.316149;0.000000;0;0.000000;
1648;0.000000;0.000000;527.316149;0.000000;0;0.000000;
1652;0.000000;0.000000;527.316149;0.000000;0;0.000000;
1657;0.000000;0.000000;527.316149;0.000000;0;0.000000;
1662;0.000000;0.000000;527.316149;0.000000;0;0.000000;
1667;0.000000;0.000000;527.316149;0.000000;0;0.000000;
1672;0.000000;0.000000;527.316149;0.000000;0;0.000000;
1677;0.000000;0.000000;527.316149;0.000000;0;0.000000;
1682;0.000000;0.000000;527.316149;0.000000;0;0.000000;
1687;0.000000;0.000000;527.316149;0.000000;0;0.000000;
1692;0.000000;0.000000;527.316149;0.000000;0;0.000000;
1697;0.000000;0.000000;527.316149;0.000000;0;0.000000;
1702;0.000000;0.000000;527.316149;0.000000;0;0.000000;
1707;0.000000;0.000000;527.316149;0.000000;0;0.000000;
1711;0.000000;0.000000;527.316149;0.000000;0;0.000000;
1716;0.005000;0.000000;527.321149;0.000000;0;0.000000;
1721;0.010000;0.000000;527.331149;0.000000;0;0.000000;
1726;0.015000;0.000000;527.346149;0.000000;0;0.000000;
1732;0.021000;0.000000;527.367149;0.000000;0;0.000000;
1737;0.026000;0.000000;527.393149;0.000000;0;0.000000;
1742;0.031000;0.000000;527.424149;0.000000;0;0.000000;
1747;0.036000;0.000000;527.460149;0.000000;0;0.000000;
1752;0.041000;0.000000;527.501149;0.000000;0;0.000000;
1757;0.046000;0.000000;527.547149;0.000000;0;0.000000;
1762;0.051000;0.000000;527.598149;0.000000;0;0.000000;
1767;0.056000;0.000000;527.654149;0.000000;0;0.000000;
1771;0.066488;0.000000;527.720637;0.000000;0;0.000000;
1776;0.071756;0.000000;527.792393;0.000000;0;0.000000;
1781;0.075481;0.000000;527.867874;0.000000;0;0.000000;
1786;0.079660;0.000000;527.947534;0.000000;0;0.000000;
1791;0.084882;0.000000;528.032416;0.000000;0;0.000000;
1796;0.089857;0.000000;528.122273;0.000000;0;0.000000;
1801;0.095332;0.000000;528.217605;0.000000;0;0.000000;
1806;0.101954;0.000000;528.319559;0.000000;0;0.000000;
1811;0.102329;0.000000;528.421888;0.000000;0;0.000000;
1816;0.111025;0.000000;528.532914;0.000000;0;0.000000;
1821;0.111135;0.000000;528.644049;0.000000;0;0.000000;
1826;0.117498;0.000000;528.761547;0.000000;0;0.000000;
1830;0.128216;0.000000;528.889763;0.000000;0;0.000000;
1835;0.143038;0.000000;529.032801;0.000000;0;0.000000;
1840;0.150928;0.000000;529.183729;0.000000;0;0.000000;
1846;0.160926;0.000000;529.344655;0.000000;0;0.000000;
1851;0.170373;0.000000;529.515028;0.000000;0;0.000000;
1856;0.175508;0.000000;529.690535;0.000000;0;0.000000;
1861;0.184461;0.000000;529.874996;0.000000;0;0.000000;
1866;0.196839;0.000000;530.071835;0.000000;0;0.000000;
1871;0.206216;0.000000;530.278051;0.000000;0;0.000000;
1876;0.220891;0.000000;530.498942;0.000000;0;0.000000;
1881;0.226554;0.000000;530.725496;0.000000;0;0.000000;
1886;0.241293;0.000000;530.966790;0.000000;0;0.000000;
1890;0.259070;0.000000;531.225859;0.000000;0;0.000000;
1895;0.259954;0.000000;531.485813;0.000000;0;0.000000;
1900;0.274794;0.000000;531.760607;0.000000;0;0.000000;
1905;0.288167;0.000000;532.048775;0.000000;0;0.000000;
1910;0.284904;0.000000;532.333678;0.000000;0;0.000000;
1915;0.306409;0.000000;532.640087;0.000000;0;0.000000;
1920;0.313414;0.000000;532.953501;0.000000;0;0.000000;
1925;0.317076;0.000000;533.270577;0.000000;0;0.000000;
1930;0.338405;0.000000;533.608982;0.000000;0;0.000000;
1935;0.354938;0.000000;533.963920;0.000000;0;0.000000;
1940;0.352547;0.000000;534.316467;0.000000;0;0.000000;
1945;0.371040;0.000000;534.687507;0.000000;0;0.000000;
1949;0.380142;0.000000;535.067649;0.000000;0;0.000000;
1954;0.383275;0.000000;535.450924;0.000000;0;0.000000;
1959;0.389015;0.000000;535.839939;0.000000;0;0.000000;
1964;0.371373;0.000000;536.211312;0.000000;0;0.000000;
1969;0.383681;0.000000;536.594993;0.000000;0;0.000000;
1974;0.379673;0.000000;536.974666;0.000000;0;0.000000;
1979;0.382638;0.000000;537.357304;0.000000;0;0.000000;
1984;0.396275;0.000000;537.753579;0.000000;0;0.000000;
1989;0.395051;0.000000;538.148630;0.000000;0;0.000000;
1994;0.391742;0.000000;538.540372;0.000000;0;0.000000;
1999;0.402618;0.000000;538.942990;0.000000;0;0.000000;
2004;0.409687;0.000000;539.352677;9.600000;1;0.020152;gr_sensing_LC_con02,
2008;0.408848;12.000000;527.761525;0.000000;0;0.000000;
2014;0.409403;0.000000;528.170929;0.000000;0;0.000000;
2019;0.428168;0.000000;528.599097;0.000000;0;0.000000;
2024;0.390796;0.000000;528.989893;0.000000;0;0.000000;
2029;0.402375;0.000000;529.392268;0.000000;0;0.000000;
2034;0.422031;0.000000;529.814299;0.000000;0;0.000000;
2039;0.427213;0.000000;530.241513;0.000000;0;0.000000;
2044;0.409342;0.000000;530.650855;0.000000;0;0.000000;
2049;0.400727;0.000000;531.051582;0.000000;0;0.000000;
2054;0.423810;0.000000;531.475391;5.250000;1;0.414260;gr_sensing_SM_con03,
2059;0.396248;0.300000;531.571639;5.250000;1;0.414260;gr_sensing_SM_con03,
2064;0.395576;0.300000;531.667216;5.250000;1;0.414260;gr_sensing_SM_con03,
2068;0.394744;0.300000;531.761960;5.250000;1;0.414260;gr_sensing_SM_con03,
2073;0.391494;0.300000;531.853454;5.250000;1;0.414260;gr_sensing_SM_con03,
2078;0.390559;0.300000;531.944013;5.250000;1;0.414260;gr_sensing_SM_con03,
2083;0.382850;0.300000;532.026863;5.250000;1;0.414260;gr_sensing_SM_con03,
2088;0.383927;0.300000;532.110789;5.250000;1;0.414260;gr_sensing_SM_con03,
2093;0.357210;0.300000;532.167999;0.000000;0;0.000000;
2098;0.357090;0.000000;532.525089;0.000000;0;0.000000;
2103;0.346602;0.000000;532.871691;0.000000;0;0.000000;
2108;0.358458;0.000000;533.230148;0.000000;0;0.000000;
2113;0.353964;0.000000;533.584113;0.000000;0;0.000000;
2118;0.339764;0.000000;533.923877;0.000000;0;0.000000;
2123;0.306236;0.000000;534.230112;0.000000;0;0.000000;
2128;0.295313;0.000000;534.525426;0.000000;0;0.000000;
2133;0.284784;0.000000;534.810209;0.000000;0;0.000000;
2138;0.298905;0.000000;535.109114;0.000000;0;0.000000;
2143;0.272217;0.000000;535.381331;0.000000;0;0.000000;
2148;0.268630;0.000000;535.649961;7.050000;1;0.584076;gr_sensing_SM_con03,
2153;0.249264;0.300000;535.599226;7.050000;1;0.584076;gr_sensing_SM_con03,
2158;0.247100;0.300000;535.546326;7.050000;1;0.584076;gr_sensing_SM_con03,
2163;0.234131;0.300000;535.480457;7.050000;1;0.584076;gr_sensing_SM_con03,
2168;0.233834;0.300000;535.414291;7.050000;1;0.584076;gr_sensing_SM_con03,
2173;0.211729;0.300000;535.326019;7.050000;1;0.584076;gr_sensing_SM_con03,
2178;0.209752;0.300000;535.235771;7.050000;1;0.584076;gr_sensing_SM_con03,
2183;0.193316;0.300000;535.129087;7.050000;1;0.584076;gr_sensing_SM_con03,
2187;0.186781;0.300000;535.015869;7.050000;1;0.584076;gr_sensing_SM_con03,
2192;0.182084;0.300000;534.897952;7.050000;1;0.584076;gr_sensing_SM_con03,
2197;0.173910;0.300000;534.771863;7.050000;1;0.584076;gr_sensing_SM_con03,
2202;0.168259;0.300000;534.640121;0.000000;0;0.000000;
2207;0.166333;0.000000;534.806454;0.000000;0;0.000000;
2212;0.168189;0.000000;534.974643;0.000000;0;0.000000;
2217;0.153514;0.000000;535.128157;0.000000;0;0.000000;
2222;0.147973;0.000000;535.276130;0.000000;0;0.000000;
2227;0.140577;0.000000;535.416707;0.000000;0;0.000000;
2232;0.132801;0.000000;535.549508;0.000000;0;0.000000;
2237;0.139505;0.000000;535.689014;0.000000;0;0.000000;
2242;0.135998;0.000000;535.825011;0.000000;0;0.000000;
2246;0.124546;0.000000;535.949557;0.000000;0;0.000000;
2251;0.122141;0.000000;536.071698;0.000000;0;0.000000;
2256;0.115932;0.000000;536.187630;0.000000;0;0.000000;
2261;0.101212;0.000000;536.288842;0.000000;0;0.000000;
2266;0.104066;0.000000;536.392908;0.000000;0;0.000000;
2271;0.099146;0.000000;536.492054;0.000000;0;0.000000;
2276;0.087866;0.000000;536.579920;0.000000;0;0.000000;
2281;0.085641;0.000000;536.665561;0.000000;0;0.000000;
2286;0.079063;0.000000;536.744623;0.000000;0;0.000000;
2291;0.080392;0.000000;536.825016;0.000000;0;0.000000;
2296;0.074399;0.000000;536.899415;31.200000;1;0.019417;gr_sensing_LC_con02,
2301;0.063917;12.000000;524.963331;31.200000;1;0.019417;gr_sensing_LC_con02,
2305;0.058857;12.000000;513.022188;31.200000;1;0.019417;gr_sensing_LC_con02,
2310;0.055945;12.000000;501.078133;0.000000;0;0.000000;
2316;0.045172;0.000000;501.123306;0.000000;0;0.000000;
2321;0.041901;0.000000;501.165206;0.000000;0;0.000000;
2326;0.036970;0.000000;501.202176;0.000000;0;0.000000;
2331;0.034510;0.000000;501.236687;0.000000;0;0.000000;
2336;0.030395;0.000000;501.267082;0.000000;0;0.000000;
2341;0.022451;0.000000;501.289533;0.000000;0;0.000000;
2346;0.016628;0.000000;501.306160;0.000000;0;0.000000;
2351;0.011584;0.000000;501.317744;0.000000;0;0.000000;
2356;0.006566;0.000000;501.324310;0.000000;0;0.000000;
2360;0.000000;0.000000;501.324310;0.000000;0;0.000000;
2365;0.000000;0.000000;501.324310;0.000000;0;0.000000;
2370;0.000000;0.000000;501.324310;0.000000;0;0.000000;
2375;0.000000;0.000000;501.324310;0.000000;0;0.000000;
2380;0.000000;0.000000;501.324310;0.000000;0;0.000000;
2385;0.000000;0.000000;501.324310;0.000000;0;0.000000;
2390;0.000000;0.000000;501.324310;0.000000;0;0.000000;
2395;0.000000;0.000000;501.324310;0.000000;0;0.000000;
2400;0.000000;0.000000;501.324310;0.000000;0;0.000000;
2405;0.000000;0.000000;501.324310;0.000000;0;0.000000;
2410;0.000000;0.000000;501.324310;0.000000;0;0.000000;
2415;0.000000;0.000000;501.324310;0.000000;0;0.000000;
2419;0.000000;0.000000;501.324310;0.000000;0;0.000000;
2424;0.000000;0.000000;501.324310;0.000000;0;0.000000;
2429;0.000000;0.000000;501.324310;0.000000;0;0.000000;
2435;0.000000;0.000000;501.324310;0.000000;0;0.000000;
2440;0.000000;0.000000;501.324310;0.000000;0;0.000000;
2445;0.000000;0.000000;501.324310;0.000000;0;0.000000;
2450;0.000000;0.000000;501.324310;0.000000;0;0.000000;
2455;0.000000;0.000000;501.324310;0.000000;0;0.000000;
2460;0.000000;0.000000;501.324310;0.000000;0;0.000000;
2465;0.000000;0.000000;501.324310;0.000000;0;0.000000;
2470;0.000000;0.000000;501.324310;0.000000;0;0.000000;
2475;0.000000;0.000000;501.324310;0.000000;0;0.000000;
2479;0.000000;0.000000;501.324310;0.000000;0;0.000000;
2484;0.000000;0.000000;501.324310;0.000000;0;0.000000;
2489;0.000000;0.000000;501.324310;0.000000;0;0.000000;
2494;0.000000;0.000000;501.324310;0.000000;0;0.000000;
2499;0.000000;0.000000;501.324310;0.000000;0;0.000000;
2504;0.000000;0.000000;501.324310;0.000000;0;0.000000;
2509;0.000000;0.000000;501.324310;0.000000;0;0.000000;
2514;0.000000;0.000000;501.324310;0.000000;0;0.000000;
2519;0.000000;0.000000;501.324310;0.000000;0;0.000000;
2524;0.000000;0.000000;501.324310;0.000000;0;0.000000;
2529;0.000000;0.000000;501.324310;0.000000;0;0.000000;
2534;0.000000;0.000000;501.324310;0.000000;0;0.000000;
2538;0.000000;0.000000;501.324310;0.000000;0;0.000000;
2543;0.000000;0.000000;501.324310;0.000000;0;0.000000;
2548;0.000000;0.000000;501.324310;0.000000;0;0.000000;
2553;0.000000;0.000000;501.324310;0.000000;0;0.000000;
2558;0.000000;0.000000;501.324310;0.000000;0;0.000000;
2563;0.000000;0.000000;501.324310;0.000000;0;0.000000;
2568;0.000000;0.000000;501.324310;0.000000;0;0.000000;
2573;0.000000;0.000000;501.324310;0.000000;0;0.000000;
2578;0.000000;0.000000;501.324310;0.000000;0;0.000000;
2583;0.000000;0.000000;501.324310;0.000000;0;0.000000;
2588;0.000000;0.000000;501.324310;0.000000;0;0.000000;
2593;0.000000;0.000000;501.324310;0.000000;0;0.000000;
2597;0.000000;0.000000;501.324310;0.000000;0;0.000000;
2602;0.000000;0.000000;501.324310;0.000000;0;0.000000;
2607;0.000000;0.000000;501.324310;0.000000;0;0.000000;
2612;0.000000;0.000000;501.324310;0.000000;0;0.000000;
2617;0.000000;0.000000;501.324310;0.000000;0;0.000000;
2622;0.000000;0.000000;501.324310;0.000000;0;0.000000;
2627;0.000000;0.000000;501.324310;0.000000;0;0.000000;
2632;0.000000;0.000000;501.324310;0.000000;0;0.000000;
2637;0.000000;0.000000;501.324310;0.000000;0;0.000000;
2642;0.000000;0.000000;501.324310;0.000000;0;0.000000;
2647;0.000000;0.000000;501.324310;0.000000;0;0.000000;
2652;0.000000;0.000000;501.324310;0.000000;0;0.000000;
2656;0.000000;0.000000;501.324310;0.000000;0;0.000000;
2661;0.000000;0.000000;501.324310;0.000000;0;0.000000;
2666;0.000000;0.000000;501.324310;0.000000;0;0.000000;
2670;0.000000;0.000000;501.324310;0.000000;0;0.000000;
2675;0.000000;0.000000;501.324310;0.000000;0;0.000000;
2680;0.000000;0.000000;501.324310;0.000000;0;0.000000;
2685;0.000000;0.000000;501.324310;0.000000;0;0.000000;
2690;0.000000;0.000000;501.324310;0.000000;0;0.000000;
2695;0.000000;0.000000;501.324310;0.000000;0;0.000000;
2700;0.000000;0.000000;501.324310;0.000000;0;0.000000;
2705;0.000000;0.000000;501.324310;0.000000;0;0.000000;
2710;0.000000;0.000000;501.324310;0.000000;0;0.000000;
2715;0.000000;0.000000;501.324310;0.000000;0;0.000000;
2720;0.000000;0.000000;501.324310;0.000000;0;0.000000;
2725;0.000000;0.000000;501.324310;0.000000;0;0.000000;
2730;0.000000;0.000000;501.324310;0.000000;0;0.000000;
2735;0.000000;0.000000;501.324310;0.000000;0;0.000000;
2740;0.000000;0.000000;501.324310;0.000000;0;0.000000;
2745;0.000000;0.000000;501.324310;0.000000;0;0.000000;
2750;0.000000;0.000000;501.324310;0.000000;0;0.000000;
2755;0.000000;0.000000;501.324310;0.000000;0;0.000000;
2760;0.000000;0.000000;501.324310;0.000000;0;0.000000;
2765;0.000000;0.000000;501.324310;0.000000;0;0.000000;
2770;0.000000;0.000000;501.324310;0.000000;0;0.000000;
2774;0.000000;0.000000;501.324310;0.000000;0;0.000000;
2779;0.000000;0.000000;501.324310;0.000000;0;0.000000;
2784;0.000000;0.000000;501.324310;0.000000;0;0.000000;
2789;0.000000;0.000000;501.324310;0.000000;0;0.000000;
2794;0.000000;0.000000;501.324310;0.000000;0;0.000000;
2799;0.000000;0.000000;501.324310;0.000000;0;0.000000;
2804;0.000000;0.000000;501.324310;0.000000;0;0.000000;
2809;0.000000;0.000000;501.324310;0.000000;0;0.000000;
2814;0.000000;0.000000;501.324310;0.000000;0;0.000000;
2819;0.000000;0.000000;501.324310;0.000000;0;0.000000;
2824;0.000000;0.000000;501.324310;0.000000;0;0.000000;
2830;0.000000;0.000000;501.324310;0.000000;0;0.000000;
2834;0.000000;0.000000;501.324310;0.000000;0;0.000000;
2839;0.000000;0.000000;501.324310;0.000000;0;0.000000;
2844;0.000000;0.000000;501.324310;0.000000;0;0.000000;
2849;0.000000;0.000000;501.324310;0.000000;0;0.000000;
2854;0.000000;0.000000;501.324310;0.000000;0;0.000000;
2859;0.000000;0.000000;501.324310;0.000000;0;0.000000;
2864;0.000000;0.000000;501.324310;0.000000;0;0.000000;
2869;0.000000;0.000000;501.324310;0.000000;0;0.000000;
2874;0.000000;0.000000;501.324310;0.000000;0;0.000000;
2879;0.000000;0.000000;501.324310;0.000000;0;0.000000;
2884;0.000000;0.000000;501.324310;0.000000;0;0.000000;
2889;0.000000;0.000000;501.324310;0.000000;0;0.000000;
2893;0.000000;0.000000;501.324310;0.000000;0;0.000000;
2898;0.000000;0.000000;501.324310;0.000000;0;0.000000;
2903;0.000000;0.000000;501.324310;0.000000;0;0.000000;
2908;0.000000;0.000000;501.324310;0.000000;0;0.000000;
2913;0.000000;0.000000;501.324310;0.000000;0;0.000000;
2918;0.000000;0.000000;501.324310;0.000000;0;0.000000;
2923;0.000000;0.000000;501.324310;0.000000;0;0.000000;
2928;0.000000;0.000000;501.324310;0.000000;0;0.000000;
2933;0.000000;0.000000;501.324310;0.000000;0;0.000000;
2938;0.000000;0.000000;501.324310;0.000000;0;0.000000;
2943;0.000000;0.000000;501.324310;0.000000;0;0.000000;
2948;0.000000;0.000000;501.324310;0.000000;0;0.000000;
2952;0.000000;0.000000;501.324310;0.000000;0;0.000000;
2957;0.000000;0.000000;501.324310;0.000000;0;0.000000;
2962;0.000000;0.000000;501.324310;0.000000;0;0.000000;
2967;0.000000;0.000000;501.324310;0.000000;0;0.000000;
2972;0.000000;0.000000;501.324310;0.000000;0;0.000000;
2977;0.000000;0.000000;501.324310;0.000000;0;0.000000;
2982;0.000000;0.000000;501.324310;0.000000;0;0.000000;
2987;0.000000;0.000000;501.324310;0.000000;0;0.000000;
2993;0.000000;0.000000;501.324310;0.000000;0;0.000000;
2998;0.000000;0.000000;501.324310;0.000000;0;0.000000;
3003;0.000000;0.000000;501.324310;0.000000;0;0.000000;
3008;0.000000;0.000000;501.324310;0.000000;0;0.000000;
3012;0.000000;0.000000;501.324310;0.000000;0;0.000000;
3017;0.000000;0.000000;501.324310;0.000000;0;0.000000;
3022;0.000000;0.000000;501.324310;0.000000;0;0.000000;
3027;0.000000;0.000000;501.324310;0.000000;0;0.000000;
3032;0.000000;0.000000;501.324310;0.000000;0;0.000000;
3037;0.000000;0.000000;501.324310;0.000000;0;0.000000;
3042;0.000000;0.000000;501.324310;0.000000;0;0.000000;
3047;0.000000;0.000000;501.324310;0.000000;0;0.000000;
3052;0.000000;0.000000;501.324310;0.000000;0;0.000000;
3057;0.000000;0.000000;501.324310;0.000000;0;0.000000;
3062;0.000000;0.000000;501.324310;0.000000;0;0.000000;
3067;0.000000;0.000000;501.324310;0.000000;0;0.000000;
3071;0.000000;0.000000;501.324310;0.000000;0;0.000000;
3076;0.000000;0.000000;501.324310;0.000000;0;0.000000;
3081;0.000000;0.000000;501.324310;0.000000;0;0.000000;
3086;0.000000;0.000000;501.324310;0.000000;0;0.000000;
3091;0.000000;0.000000;501.324310;0.000000;0;0.000000;
3096;0.000000;0.000000;501.324310;0.000000;0;0.000000;
3102;0.000000;0.000000;501.324310;0.000000;0;0.000000;
3107;0.000000;0.000000;501.324310;0.000000;0;0.000000;
3112;0.000000;0.000000;501.324310;0.000000;0;0.000000;
3117;0.000000;0.000000;501.324310;0.000000;0;0.000000;
3122;0.000000;0.000000;501.324310;0.000000;0;0.000000;
3127;0.000000;0.000000;501.324310;0.000000;0;0.000000;
3131;0.004000;0.000000;501.328310;0.000000;0;0.000000;
3136;0.009000;0.000000;501.337310;0.000000;0;0.000000;
3141;0.014000;0.000000;501.351310;0.000000;0;0.000000;
3146;0.019000;0.000000;501.370310;0.000000;0;0.000000;
3151;0.024000;0.000000;501.394310;0.000000;0;0.000000;
3156;0.029000;0.000000;501.423310;0.000000;0;0.000000;
3161;0.034000;0.000000;501.457310;0.000000;0;0.000000;
3166;0.039000;0.000000;501.496310;0.000000;0;0.000000;
3171;0.044000;0.000000;501.540310;0.000000;0;0.000000;
3176;0.049000;0.000000;501.589310;0.000000;0;0.000000;
3181;0.054000;0.000000;501.643310;0.000000;0;0.000000;
3186;0.059000;0.000000;501.702310;0.000000;0;0.000000;
3190;0.069284;0.000000;501.771594;0.000000;0;0.000000;
3195;0.071652;0.000000;501.843246;0.000000;0;0.000000;
3200;0.074374;0.000000;501.917620;0.000000;0;0.000000;
3205;0.079985;0.000000;501.997605;0.000000;0;0.000000;
3210;0.087898;0.000000;502.085503;0.000000;0;0.000000;
3215;0.094812;0.000000;502.180316;0.000000;0;0.000000;
3220;0.095228;0.000000;502.275543;0.000000;0;0.000000;
3225;0.100977;0.000000;502.376521;0.000000;0;0.000000;
3230;0.104692;0.000000;502.481212;0.000000;0;0.000000;
3235;0.112026;0.000000;502.593239;0.000000;0;0.000000;
3240;0.114965;0.000000;502.708203;0.000000;0;0.000000;
3245;0.124692;0.000000;502.832896;0.000000;0;0.000000;
3249;0.134659;0.000000;502.967555;0.000000;0;0.000000;
3254;0.145118;0.000000;503.112672;0.000000;0;0.000000;
3259;0.158125;0.000000;503.270798;0.000000;0;0.000000;
3264;0.160080;0.000000;503.430878;0.000000;0;0.000000;
3270;0.177198;0.000000;503.608076;0.000000;0;0.000000;
3275;0.184828;0.000000;503.792904;0.000000;0;0.000000;
3280;0.190893;0.000000;503.983797;0.000000;0;0.000000;
3285;0.208286;0.000000;504.192083;0.000000;0;0.000000;
3290;0.220787;0.000000;504.412870;0.000000;0;0.000000;
3295;0.224226;0.000000;504.637096;0.000000;0;0.000000;
3300;0.236111;0.000000;504.873207;0.000000;0;0.000000;
3304;0.254619;0.000000;505.127826;0.000000;0;0.000000;
3309;0.259569;0.000000;505.387395;0.000000;0;0.000000;
3314;0.269721;0.000000;505.657116;0.000000;0;0.000000;
3319;0.278805;0.000000;505.935921;0.000000;0;0.000000;
3324;0.299149;0.000000;506.235070;0.000000;0;0.000000;
3329;0.296475;0.000000;506.531545;0.000000;0;0.000000;
3334;0.317977;0.000000;506.849522;0.000000;0;0.000000;
3339;0.314569;0.000000;507.164091;0.000000;0;0.000000;
3344;0.329734;0.000000;507.493825;0.000000;0;0.000000;
3349;0.345274;0.000000;507.839099;0.000000;0;0.000000;
3354;0.363330;0.000000;508.202429;0.000000;0;0.000000;
3359;0.352176;0.000000;508.554605;0.000000;0;0.000000;
3363;0.371096;0.000000;508.925701;0.000000;0;0.000000;
3368;0.384315;0.000000;509.310016;0.000000;0;0.000000;
3373;0.384048;0.000000;509.694064;0.000000;0;0.000000;
3378;0.386199;0.000000;510.080263;0.000000;0;0.000000;
3383;0.384582;0.000000;510.464845;0.000000;0;0.000000;
3389;0.381563;0.000000;510.846408;0.000000;0;0.000000;
3394;0.400301;0.000000;511.246709;0.000000;0;0.000000;
3399;0.411247;0.000000;511.657956;0.000000;0;0.000000;
3404;0.409295;0.000000;512.067251;0.000000;0;0.000000;
3409;0.403559;0.000000;512.470810;0.000000;0;0.000000;
3414;0.408438;0.000000;512.879248;0.000000;0;0.000000;
3419;0.423235;0.000000;513.302484;0.000000;0;0.000000;
3423;0.413884;0.000000;513.716368;0.000000;0;0.000000;
3428;0.392686;0.000000;514.109054;0.000000;0;0.000000;
3433;0.412643;0.000000;514.521697;0.000000;0;0.000000;
3438;0.401354;0.000000;514.923051;0.000000;0;0.000000;
3443;0.393344;0.000000;515.316395;0.000000;0;0.000000;
3448;0.403049;0.000000;515.719444;0.000000;0;0.000000;
3453;0.400661;0.000000;516.120105;0.000000;0;0.000000;
3458;0.402263;0.000000;516.522368;0.000000;0;0.000000;
3463;0.399371;0.000000;516.921738;0.000000;0;0.000000;
3468;0.423052;0.000000;517.344791;0.000000;0;0.000000;
3473;0.415982;0.000000;517.760773;0.000000;0;0.000000;
3478;0.416659;0.000000;518.177431;0.000000;0;0.000000;
3482;0.394392;0.000000;518.571823;0.000000;0;0.000000;
3487;0.414646;0.000000;518.986470;0.000000;0;0.000000;
3492;0.382952;0.000000;519.369421;0.000000;0;0.000000;
3497;0.391875;0.000000;519.761296;0.000000;0;0.000000;
3502;0.375412;0.000000;520.136708;0.000000;0;0.000000;
3507;0.377464;0.000000;520.514172;0.000000;0;0.000000;
3512;0.367340;0.000000;520.881512;0.000000;0;0.000000;
3517;0.337686;0.000000;521.219198;0.000000;0;0.000000;
3522;0.346824;0.000000;521.566022;0.000000;0;0.000000;
3527;0.322729;0.000000;521.888750;0.000000;0;0.000000;
3532;0.315144;0.000000;522.203894;0.000000;0;0.000000;
3537;0.306835;0.000000;522.510729;0.000000;0;0.000000;
3541;0.318970;0.000000;522.829699;0.000000;0;0.000000;
3546;0.294027;0.000000;523.123727;0.000000;0;0.000000;
3552;0.277593;0.000000;523.401319;0.000000;0;0.000000;
3557;0.268244;0.000000;523.669563;0.000000;0;0.000000;
3562;0.283855;0.000000;523.953419;0.000000;0;0.000000;
3567;0.260287;0.000000;524.213706;0.000000;0;0.000000;
3572;0.246043;0.000000;524.459749;0.000000;0;0.000000;
3577;0.248597;0.000000;524.708346;0.000000;0;0.000000;
3582;0.219288;0.000000;524.927634;0.000000;0;0.000000;
3587;0.231583;0.000000;525.159216;0.000000;0;0.000000;
3592;0.212328;0.000000;525.371544;0.000000;0;0.000000;
3597;0.196270;0.000000;525.567814;0.000000;0;0.000000;
3601;0.186588;0.000000;525.754402;0.000000;0;0.000000;
3606;0.183782;0.000000;525.938184;0.000000;0;0.000000;
3611;0.177935;0.000000;526.116119;0.000000;0;0.000000;
3616;0.171726;0.000000;526.287844;0.000000;0;0.000000;
3621;0.159836;0.000000;526.447680;0.000000;0;0.000000;
3626;0.167478;0.000000;526.615158;0.000000;0;0.000000;
3631;0.149425;0.000000;526.764583;0.000000;0;0.000000;
3636;0.146916;0.000000;526.911499;0.000000;0;0.000000;
3641;0.138696;0.000000;527.050195;0.000000;0;0.000000;
3646;0.139236;0.000000;527.189431;0.000000;0;0.000000;
3651;0.129777;0.000000;527.319208;0.000000;0;0.000000;
3656;0.135117;0.000000;527.454324;0.000000;0;0.000000;
3660;0.129846;0.000000;527.584170;0.000000;0;0.000000;
3665;0.122399;0.000000;527.706569;0.000000;0;0.000000;
3670;0.108167;0.000000;527.814736;0.000000;0;0.000000;
3676;0.103391;0.000000;527.918128;0.000000;0;0.000000;
3681;0.108475;0.000000;528.026603;0.000000;0;0.000000;
3686;0.096183;0.000000;528.122786;0.000000;0;0.000000;
3691;0.095886;0.000000;528.218672;0.000000;0;0.000000;
3696;0.090410;0.000000;528.309081;0.000000;0;0.000000;
3701;0.077221;0.000000;528.386303;0.000000;0;0.000000;
3706;0.077782;0.000000;528.464085;0.000000;0;0.000000;
3711;0.072858;0.000000;528.536943;0.000000;0;0.000000;
3716;0.071821;0.000000;528.608764;0.000000;0;0.000000;
3720;0.059942;0.000000;528.668705;0.000000;0;0.000000;
3725;0.056985;0.000000;528.725691;0.000000;0;0.000000;
3730;0.048670;0.000000;528.774361;0.000000;0;0.000000;
3735;0.045597;0.000000;528.819958;0.000000;0;0.000000;
3740;0.042117;0.000000;528.862076;0.000000;0;0.000000;
3745;0.032978;0.000000;528.895054;0.000000;0;0.000000;
3750;0.030326;0.000000;528.925380;0.000000;0;0.000000;
3755;0.022135;0.000000;528.947514;0.000000;0;0.000000;
3760;0.017772;0.000000;528.965286;0.000000;0;0.000000;
3765;0.014759;0.000000;528.980045;0.000000;0;0.000000;
3770;0.010600;0.000000;528.990645;0.000000;0;0.000000;
3775;0.002042;0.000000;528.992687;0.000000;0;0.000000;
3779;0.000000;0.000000;528.992687;0.000000;0;0.000000;
3784;0.000000;0.000000;528.992687;0.000000;0;0.000000;
3789;0.000000;0.000000;528.992687;0.000000;0;0.000000;
3794;0.000000;0.000000;528.992687;0.000000;0;0.000000;
3799;0.000000;0.000000;528.992687;0.000000;0;0.000000;
3804;0.000000;0.000000;528.992687;0.000000;0;0.000000;
3809;0.000000;0.000000;528.992687;0.000000;0;0.000000;
3814;0.000000;0.000000;528.992687;0.000000;0;0.000000;
3819;0.000000;0.000000;528.992687;0.000000;0;0.000000;
3824;0.000000;0.000000;528.992687;0.000000;0;0.000000;
3829;0.000000;0.000000;528.992687;0.000000;0;0.000000;
3834;0.000000;0.000000;528.992687;0.000000;0;0.000000;
3838;0.000000;0.000000;528.992687;0.000000;0;0.000000;
3843;0.000000;0.000000;528.992687;0.000000;0;0.000000;
3848;0.000000;0.000000;528.992687;0.000000;0;0.000000;
3853;0.000000;0.000000;528.992687;0.000000;0;0.000000;
3859;0.000000;0.000000;528.992687;0.000000;0;0.000000;
3864;0.000000;0.000000;528.992687;0.000000;0;0.000000;
3869;0.000000;0.000000;528.992687;0.000000;0;0.000000;
3874;0.000000;0.000000;528.992687;0.000000;0;0.000000;
3879;0.000000;0.000000;528.992687;0.000000;0;0.000000;
3884;0.000000;0.000000;528.992687;0.000000;0;0.000000;
3889;0.000000;0.000000;528.992687;0.000000;0;0.000000;
3894;0.000000;0.000000;528.992687;0.000000;0;0.000000;
3898;0.000000;0.000000;528.992687;0.000000;0;0.000000;
3903;0.000000;0.000000;528.992687;0.000000;0;0.000000;
3908;0.000000;0.000000;528.992687;0.000000;0;0.000000;
3913;0.000000;0.000000;528.992687;0.000000;0;0.000000;
3918;0.000000;0.000000;528.992687;0.000000;0;0.000000;
3923;0.000000;0.000000;528.992687;0.000000;0;0.000000;
3928;0.000000;0.000000;528.992687;0.000000;0;0.000000;
3933;0.000000;0.000000;528.992687;0.000000;0;0.000000;
3938;0.000000;0.000000;528.992687;0.000000;0;0.000000;
3943;0.000000;0.000000;528.992687;0.000000;0;0.000000;
3948;0.000000;0.000000;528.992687;0.000000;0;0.000000;
3953;0.000000;0.000000;528.992687;0.000000;0;0.000000;
3957;0.000000;0.000000;528.992687;0.000000;0;0.000000;
3962;0.000000;0.000000;528.992687;0.000000;0;0.000000;
3967;0.000000;0.000000;528.992687;0.000000;0;0.000000;
3972;0.000000;0.000000;528.992687;7.500000;1;0.741314;gr_sensing_TC_con01,
3977;0.000000;0.750000;528.242687;7.500000;1;0.741314;gr_sensing_TC_con01,
3982;0.000000;0.750000;527.492687;7.500000;1;0.741314;gr_sensing_TC_con01,
3987;0.000000;0.750000;526.742687;7.500000;1;0.741314;gr_sensing_TC_con01,
3992;0.000000;0.750000;525.992687;7.500000;1;0.741314;gr_sensing_TC_con01,
3997;0.000000;0.750000;525.242687;7.500000;1;0.741314;gr_sensing_TC_con01,
4003;0.000000;0.750000;524.492687;7.500000;1;0.741314;gr_sensing_TC_con01,
4008;0.000000;0.750000;523.742687;7.500000;1;0.741314;gr_sensing_TC_con01,
4012;0.000000;0.750000;522.992687;7.500000;1;0.741314;gr_sensing_TC_con01,
4017;0.000000;0.750000;522.242687;7.500000;1;0.741314;gr_sensing_TC_con01,
4022;0.000000;0.750000;521.492687;0.000000;0;0.000000;
4027;0.000000;0.000000;521.492687;0.000000;0;0.000000;
4032;0.000000;0.000000;521.492687;0.000000;0;0.000000;
4037;0.000000;0.000000;521.492687;0.000000;0;0.000000;
4042;0.000000;0.000000;521.492687;0.000000;0;0.000000;
4047;0.000000;0.000000;521.492687;0.000000;0;0.000000;
4052;0.000000;0.000000;521.492687;0.000000;0;0.000000;
4057;0.000000;0.000000;521.492687;0.000000;0;0.000000;
4062;0.000000;0.000000;521.492687;0.000000;0;0.000000;
4067;0.000000;0.000000;521.492687;0.000000;0;0.000000;
4071;0.000000;0.000000;521.492687;0.000000;0;0.000000;
4076;0.000000;0.000000;521.492687;0.000000;0;0.000000;
4081;0.000000;0.000000;521.492687;7.350000;1;0.638023;gr_sensing_TC_con01,
4086;0.000000;0.750000;520.742687;7.350000;1;0.638023;gr_sensing_TC_con01,
4091;0.000000;0.750000;519.992687;7.350000;1;0.638023;gr_sensing_TC_con01,
4096;0.000000;0.750000;519.242687;7.350000;1;0.638023;gr_sensing_TC_con01,
4101;0.000000;0.750000;518.492687;7.350000;1;0.638023;gr_sensing_TC_con01,
4106;0.000000;0.750000;517.742687;7.350000;1;0.638023;gr_sensing_TC_con01,
4111;0.000000;0.750000;516.992687;7.350000;1;0.638023;gr_sensing_TC_con01,
4116;0.000000;0.750000;516.242687;7.350000;1;0.638023;gr_sensing_TC_con01,
4121;0.000000;0.750000;515.492687;7.350000;1;0.638023;gr_sensing_TC_con01,
4126;0.000000;0.750000;514.742687;7.350000;1;0.638023;gr_sensing_TC_con01,
4130;0.000000;0.750000;513.992687;0.000000;0;0.000000;
4135;0.000000;0.000000;513.992687;0.000000;0;0.000000;
4140;0.000000;0.000000;513.992687;9.000000;1;0.356807;gr_sensing_SM_con03,
4145;0.000000;0.300000;513.692687;9.000000;1;0.356807;gr_sensing_SM_con03,
4150;0.000000;0.300000;513.392687;9.000000;1;0.356807;gr_sensing_SM_con03,
4155;0.000000;0.300000;513.092687;9.000000;1;0.356807;gr_sensing_SM_con03,
4160;0.000000;0.300000;512.792687;9.000000;1;0.356807;gr_sensing_SM_con03,
4165;0.000000;0.300000;512.492687;9.000000;1;0.356807;gr_sensing_SM_con03,
4170;0.000000;0.300000;512.192687;9.000000;1;0.356807;gr_sensing_SM_con03,
4175;0.000000;0.300000;511.892687;9.000000;1;0.356807;gr_sensing_SM_con03,
4180;0.000000;0.300000;511.592687;9.000000;1;0.356807;gr_sensing_SM_con03,
4185;0.000000;0.300000;511.292687;9.000000;1;0.356807;gr_sensing_SM_con03,
4189;0.000000;0.300000;510.992687;9.000000;1;0.356807;gr_sensing_SM_con03,
4194;0.000000;0.300000;510.692687;9.000000;1;0.356807;gr_sensing_SM_con03,
4199;0.000000;0.300000;510.392687;9.000000;1;0.356807;gr_sensing_SM_con03,
4205;0.000000;0.300000;510.092687;9.000000;1;0.356807;gr_sensing_SM_con03,
4210;0.000000;0.300000;509.792687;9.000000;1;0.356807;gr_sensing_SM_con03,
4215;0.000000;0.300000;509.492687;9.000000;1;0.356807;gr_sensing_SM_con03,
4220;0.000000;0.300000;509.192687;0.000000;0;0.000000;
4225;0.000000;0.000000;509.192687;0.000000;0;0.000000;
4230;0.000000;0.000000;509.192687;0.000000;0;0.000000;
4235;0.000000;0.000000;509.192687;0.000000;0;0.000000;
4240;0.000000;0.000000;509.192687;0.000000;0;0.000000;
4245;0.000000;0.000000;509.192687;0.000000;0;0.000000;
4249;0.000000;0.000000;509.192687;0.000000;0;0.000000;
4254;0.000000;0.000000;509.192687;0.000000;0;0.000000;
4259;0.000000;0.000000;509.192687;0.000000;0;0.000000;
4264;0.000000;0.000000;509.192687;0.000000;0;0.000000;
4269;0.000000;0.000000;509.192687;0.000000;0;0.000000;
4274;0.000000;0.000000;509.192687;0.000000;0;0.000000;
4279;0.000000;0.000000;509.192687;0.000000;0;0.000000;
4284;0.000000;0.000000;509.192687;0.000000;0;0.000000;
4289;0.000000;0.000000;509.192687;0.000000;0;0.000000;
4294;0.000000;0.000000;509.192687;0.000000;0;0.000000;
4299;0.000000;0.000000;509.192687;0.000000;0;0.000000;
4304;0.000000;0.000000;509.192687;0.000000;0;0.000000;
4308;0.000000;0.000000;509.192687;0.000000;0;0.000000;
4313;0.000000;0.000000;509.192687;0.000000;0;0.000000;
4318;0.000000;0.000000;509.192687;0.000000;0;0.000000;
4323;0.000000;0.000000;509.192687;0.000000;0;0.000000;
4328;0.000000;0.000000;509.192687;0.000000;0;0.000000;
4333;0.000000;0.000000;509.192687;0.000000;0;0.000000;
4338;0.000000;0.000000;509.192687;0.000000;0;0.000000;
4343;0.000000;0.000000;509.192687;0.000000;0;0.000000;
4348;0.000000;0.000000;509.192687;0.000000;0;0.000000;
4353;0.000000;0.000000;509.192687;0.000000;0;0.000000;
4358;0.000000;0.000000;509.192687;0.000000;0;0.000000;
4363;0.000000;0.000000;509.192687;0.000000;0;0.000000;
4367;0.000000;0.000000;509.192687;0.000000;0;0.000000;
4372;0.000000;0.000000;509.192687;0.000000;0;0.000000;
4377;0.000000;0.000000;509.192687;0.000000;0;0.000000;
4382;0.000000;0.000000;509.192687;0.000000;0;0.000000;
4388;0.000000;0.000000;509.192687;0.000000;0;0.000000;
